"","RAV4483","RAV95","RAV4489","RAV2670","RAV1301","RAV1959","RAV1302","RAV988","RAV987","RAV3033","RAV1002","RAV1125","RAV4689","RAV2673","RAV1960","RAV996","RAV4486","RAV998","RAV999","RAV1001","RAV4113"
"pathologic_stage",3.06828593572905,3.13711663939125,2.09311967755919,1.31324880471749,1.29646160316472,2.64780016645587,1.68327957451184,1.38029197104225,2.09653833376113,1.48697423512828,0.9022212575442,3.92950659488762,0.641763544024917,1.93286062559663,1.67043604316592,1.1521121761982,2.68814338610773,0.815488601506867,2.0555185261873,1.83751207943699,1.64322698229315
"pathology_T_stage",1.05329441979634,1.34497106521503,0.929000311929169,1.1443341117922,1.22285329278476,1.71288826143656,1.42187057623212,0.382858903347357,1.34759134621456,1.15741444387824,0.392495750502212,1.39223475482488,0.713632460895726,0.928488893989033,0.788218579639374,0.660125724217077,1.30177169343671,0.566430867997095,0.839240303868751,1.8544276256291,1.33318530755808
"pathology_N_stage",4.2468760812952,4.11041902639932,1.98814174232183,1.53131651232181,1.64739480963913,2.0492606970829,1.39732411306825,1.3195794729618,1.60335278518653,2.57515711262457,2.33991504531989,2.80122314691057,1.36552295969012,3.33201960704596,1.23439501720114,1.33853718190054,1.6163481350493,1.68647585213397,1.79824037014638,1.15633156404819,1.35800194386884
"pathology_M_stage",1.02019928351254,0.500488799368417,2.50560694839864,6.35653322412534,6.40953424110618,1.87484656592179,5.40581770673807,7.98200325976526,2.72165138350514,3.76984866546483,0.183322306743191,2.03217850406685,3.05739804801721,1.61527484742857,1.32208450999838,3.10122052074522,6.23048091265826,3.43231565769929,2.84642483279311,1.54886639628917,1.55150346163004
"gender",1.57208571562272,0.0125070505732539,6.51332724051399,2.22842609184519,2.21553964435513,10.5576063950014,5.29361479671785,1.58070763933241,6.02686185821473,0.306781938017596,2.18173019484223,6.1327645091754,0.910863084765142,2.27490742057581,4.13068104417858,4.33737815709518,1.1941313335228,1.2950301246427,1.34737253363316,10.5981668841026,0.0457061880867832
"radiation_therapy",6.36254403298897,0.719968325441429,3.0269326796046,1.70905333631536,1.79588917882407,3.52199057639992,2.17498696890831,4.23807032077306,1.64000214766605,0.667349967600939,1.30834531135412,4.58725263318228,0.0622337874760114,2.17684734707624,2.89387427331942,1.76172739015978,2.0621698342601,3.2335977033282,1.84485602182892,1.8461615963563,2.11176385034949
"histological_type",6.48218970981728,3.09565671892143,5.70173760002749,0.880836822934904,1.13047054744036,0.601563582460819,0.175724413731142,4.14659533723904,0.227054135347733,2.582571779029,1.66442524115814,8.58884490805441,1.35057977260099,4.69993066188044,2.14408623960145,2.26310756231594,5.74074602806662,5.46191487891482,0.128751961754799,0.076820138075454,3.56373358712149
"race",0.45502084106653,0.202020153523675,0.698690997335827,0.743244949454592,0.697989465229723,0.354134136905229,0.768233068620468,1.23582644545514,0.30277987295171,0.629331208277757,0.121507435926571,0.951393893373188,0.646556762434798,0.667425808604083,0.833269893838159,0.812378056009122,1.2468064383451,0.286288352239182,0.453638003831103,0.390942694007397,0.284494203018984
"ethnicity",0.304959877339893,0.693800098575032,1.2636693853686,0.866395700977666,0.780686585005982,0.0675281499733167,0.298879357870625,1.51059914962731,0.381876565588313,1.04882344683508,1.23585382431434,1.3079888755146,0.590948413897123,1.25136204795095,0.413650093934705,1.18805190028182,1.15553671443672,0.907535448665818,0.000270330763662365,0.109910185674677,0.252968142432207
"patient.alcohol_history_documented",1.69779582934212,0.771921459478967,2.78844472093136,0.271244218308002,0.221596716926844,2.46861086293784,0.810583929396666,1.70710460459705,1.273943599872,0.0856561289173582,1.84302034686794,3.44047829310648,1.21895322089678,1.48458039128265,1.31135056622962,1.69330991929802,1.29358762993117,0.0434291539505325,1.36442496097745,4.06117344973732,1.28328855895252
"patient.anatomic_neoplasm_subdivision",1.64117485190881,0.894665072429885,2.64585360228236,1.30635661396524,1.2347424138102,2.26877100344732,1.56794046074499,2.15175350576412,1.33088601818709,1.03248604222576,0.96288999221476,3.30588948982083,0.84172424898782,1.67522691027019,1.1408298697298,1.83902821341332,1.42277993684944,0.792713603069511,0.970627379698019,2.85731049784941,0.897010575581715
"patient.clinical_cqcf.consent_or_death_status",3.90977653435462,1.06245111424831,4.94391682143701,0.245637356484783,0.305526142927381,0.554843157900451,0.274032171441602,8.1924950737617,0.350603086969294,0.440625941509916,0.355413033754938,5.78235374270666,0.001950257805518,2.87153623570573,0.36390265941372,3.20559032821559,1.72346987752966,3.09573506118746,0.191447360808286,0.195033865906126,0.0193150097301572
"patient.clinical_cqcf.country",0.506374770462878,0.487732968679107,0.705025936202862,1.50887915069326,1.52296171260092,1.10334787068126,1.17808117657669,1.40686495030134,1.01053000187634,1.07443917628725,0.516235092804315,0.993708773836937,0.485430085566056,1.1129737955393,1.82906742614426,1.24776459430664,1.43832005833855,1.50249470481981,0.861763099091297,0.57011897591496,0.26466095090429
"patient.clinical_cqcf.frozen_specimen_anatomic_site",1.64117485190881,0.894665072429886,2.64585360228236,1.30635661396524,1.2347424138102,2.26877100344732,1.56794046074499,2.15175350576412,1.33088601818709,1.03248604222576,0.96288999221476,3.30588948982083,0.84172424898782,1.67522691027019,1.1408298697298,1.83902821341332,1.42277993684944,0.792713603069511,0.970627379698019,2.85731049784941,0.897010575581715
"patient.clinical_cqcf.histological_type",6.48218970981728,3.09565671892143,5.70173760002749,0.880836822934904,1.13047054744036,0.601563582460819,0.175724413731142,4.14659533723904,0.227054135347733,2.582571779029,1.66442524115814,8.58884490805441,1.35057977260099,4.69993066188044,2.14408623960145,2.26310756231594,5.74074602806662,5.46191487891482,0.128751961754799,0.076820138075454,3.56373358712149
"patient.clinical_cqcf.history_of_prior_malignancy",0.114587625516375,0.36180303620126,0.83962930351501,2.52731790230949,2.4420614632909,2.84521062159248,2.94799123888284,0.495495462851384,2.13621029853428,2.05030667621397,0.275711830105817,0.767733327877582,1.32804576287228,0.189252654476596,2.48335751964826,0.524844926794677,0.33802867008275,0.608016236482088,0.899792346971309,1.59919915069636,0.205144274462966
"patient.clinical_cqcf.normal_tissue_anatomic_site",1.6105321348344,0.774696353481263,1.4877521270195,0.412096298710587,0.477876347984642,0.656231116282675,0.464711938237832,0.863744190391714,0.507237326052588,0.329839735045849,1.98161454199926,2.14763528924808,0.289042704608717,1.954291730097,1.7880181539379,1.83344294004959,1.16062019191098,4.4511684380332,2.01732989420496,1.1398411078303,0.196395473309869
"patient.clinical_cqcf.normal_tissue_proximity",1.92826091576269,0.124978521364697,0.253995026031102,0.0108304448773897,0.00244151071972869,0.00177027388261044,0.0134256675992896,0.928341443107664,0.669049935613192,0.29540534228604,1.64393337768849,0.249068964262773,1.43208390266284,0.114790121938671,3.54447393712647,0.331849075588343,0.0555888829388601,5.0153210549279,3.73444914043164,0.0207628354164042,0.0495980891802119
"patient.drugs.drug.2.bcr_drug_barcode",0.89077176923101,0.986583097303642,0.756689151197006,0.728926166324493,0.643913899243557,0.348520578701888,0.76486002635744,1.12402394500028,0.543777642266324,1.21723228426307,0.64821851401445,1.52912868344711,0.708190804270268,1.19274708257741,0.505123997218285,0.648035674091255,0.970086455887854,0.33598817488906,0.374057960106335,0.173483959849424,0.903157871792169
"patient.drugs.drug.2.bcr_drug_uuid",0.890771769231008,0.986583097303639,0.756689151197008,0.728926166324496,0.64391389924356,0.348520578701888,0.764860026357442,1.12402394500029,0.543777642266327,1.21723228426307,0.648218514014445,1.52912868344712,0.708190804270274,1.19274708257742,0.505123997218288,0.648035674091254,0.97008645588785,0.335988174889052,0.374057960106329,0.173483959849424,0.903157871792173
"patient.drugs.drug.2.drug_name",0.998667320544036,1.25772008201064,0.98376547047338,0.802777386171199,0.695122290362484,0.165183198850508,0.594889465333227,1.40434256841908,0.566405159061546,1.62671199933646,0.852052373447564,1.90404194710133,0.827915450105567,1.52135892253688,0.356326462384483,0.780403200087457,1.25026236173923,0.454320523738974,0.395786897297422,0.054392296612246,1.00353496425023
"patient.drugs.drug.2.therapy_ongoing",1.93718960657171,1.56803440500045,1.65416866021542,0.0791854905082033,0.106298027251254,0.712722589423104,0.00133805773498297,3.98045373455906,0.200968084180164,1.63855141552608,0.953576079693447,2.33284389942253,0.0482143804038716,2.55075733150799,0.0454487342565235,1.37615653152216,0.00192342973995993,0.87614588173318,0.458766330319189,0.0397396638939527,0.437625457072475
"patient.drugs.drug.2.therapy_types.therapy_type",1.00032257809016,1.17280591548438,1.22021126083105,0.53271021176099,0.393199905910733,0.444838305520898,0.965499155537606,2.49797722497575,0.659176471042529,1.02559959089239,0.499364560137923,1.52015356480859,0.242204794434335,1.45854392842605,0.911838090570708,1.28899490282812,0.0579266914206945,0.559748596372984,0.227080781250959,0.0974838768813352,0.478882099835409
"patient.drugs.drug.drug_name",1.10088136746075,0.839712626217235,1.31508343493559,1.73880438211884,1.49610620872147,1.47686767752087,2.23163109788795,1.64544413307759,1.49608730276344,1.59317766372008,0.766667318309858,2.14935096786448,1.23818320799548,1.21516003060087,1.63650242935934,0.787351533458403,0.956675794376133,0.834029201881536,0.736189787807149,0.605795283231926,1.49389383900758
"patient.drugs.drug.measure_of_response",4.59029098412928,1.66148121940368,4.32850679519489,0.448876287537586,0.682608404950065,0.153162865007153,0.192160019285431,8.42463399831494,0.20920458619657,1.59533091880267,1.38485812722093,3.11965472399084,0.00320925912016027,2.52004404431043,0.0578230533806053,3.08985536377463,0.779132585370306,3.28141505794247,0.00340101996978895,0.729682342527372,4.39376162104164
"patient.drugs.drug.regimen_indication",1.91192545351196,2.64474827762697,0.46801307766173,1.3399462708791,1.33466594422378,0.290765508520423,0.990126400456186,1.01773526846522,0.758028781042004,2.23479230302488,1.1732864752179,0.643055519209798,1.28018464920301,1.05381741469991,0.522915990884715,0.611321734521426,0.771150707430237,0.78172739624882,0.409443018429803,0.152611548024337,2.91401308427841
"patient.drugs.drug.therapy_ongoing",0.557748984286436,0.07417959268704,3.16309555797121,0.232742709939369,0.150219902094125,1.27774357381125,0.118778001744652,5.67936457822473,2.39172334910183,0.129962200855112,0.0278199832952349,2.21623025610582,1.66138712548849,0.845661673491877,0.0810503110185385,2.44637004161712,0.220949786078393,1.23613345258088,0.127312338577257,0.575972542780496,0.600046426810746
"patient.drugs.drug.therapy_types.therapy_type",0.557748984286436,0.07417959268704,3.16309555797121,0.232742709939369,0.150219902094125,1.27774357381125,0.118778001744652,5.67936457822473,2.39172334910183,0.129962200855112,0.0278199832952349,2.21623025610582,1.66138712548849,0.845661673491877,0.0810503110185385,2.44637004161712,0.220949786078393,1.23613345258088,0.127312338577257,0.575972542780496,0.600046426810746
"patient.drugs.drug.tx_on_clinical_trial",4.47406239410598,1.40048949101331,5.96001173040618,0.576178641262766,0.81618995594634,0.30548573297333,0.319554956912666,11.2823729722342,0.29402539143198,1.55802036880307,1.36228955346371,4.32951686458716,0.0448717904062975,3.17414758492135,0.236637450835778,4.40969899029912,1.67311580335854,3.38227652512851,0.00868320445123243,0.656399544396017,3.5360377404621
"patient.ethnicity",0.304959877339893,0.693800098575032,1.2636693853686,0.866395700977666,0.780686585005982,0.0675281499733167,0.298879357870625,1.51059914962731,0.381876565588313,1.04882344683508,1.23585382431434,1.3079888755146,0.590948413897123,1.25136204795095,0.413650093934705,1.18805190028182,1.15553671443672,0.907535448665818,0.000270330763662365,0.109910185674677,0.252968142432207
"patient.follow_ups.follow_up.2.disease_after_curative_tx",0.30136138547847,0.0867203130792211,1.14070028001535,0.739129907740104,0.600943189339224,0.338228831340955,0.404454046702021,1.46259435214345,0.330445273714663,0.583701435619777,0.029067384510663,0.627632819393918,0.627420538344586,0.195061098856026,0.47705546816723,1.01463875568535,0.561458408004502,0.16335946999154,0.0463973518417743,0.103820734130884,0.422132084091504
"patient.follow_ups.follow_up.2.followup_case_report_form_submission_reason",0.653480425313055,0.395997493727792,0.831388669434541,0.304812707096954,0.285337528026807,1.26071035905701,0.377735359546186,0.680002591458402,0.81081287818458,0.499099858897669,0.480663670812381,1.47426750859567,0.455507727511018,0.929917509420456,0.175701600263485,0.1130820484546,0.169372421462094,0.489322382477679,0.47780286725961,0.474327288791736,0.0214571412795584
"patient.follow_ups.follow_up.2.followup_treatment_success",0.312519508888767,0.0143255164080742,0.466378470454609,0.332846186819716,0.303361808158327,1.00723944558491,0.497267334763807,0.422668795269233,0.800630247156297,0.1521073435328,0.0702357142328272,0.761946268007199,0.178371916075477,0.389059028086911,0.610395035421912,0.243666522347833,0.680536203653808,0.197526803952906,0.469825224327814,0.254229796757431,0.38070914598294
"patient.follow_ups.follow_up.2.lost_follow_up",0.521871470573356,0.34013243759362,0.387020674333651,0.929759128225985,0.891453148784616,1.61980674791817,0.81124724558481,0.0932917741971333,0.8628482820162,0.315372667279685,0.00402696133144464,0.637223907587754,0.255782495679174,0.447481319299261,0.898278000226879,0.0375115232012655,0.0744109510401173,0.883001896232547,0.311764210212629,0.808605396183032,0.391261729120979
"patient.follow_ups.follow_up.2.method_of_curative_tx",1.18031904510247,1.64574860349239,2.04294301470645,0.525634551618883,0.528673093157777,0.528790353991482,0.396220996233903,1.77672670789651,0.13535290281146,1.27020486118236,1.0045456513195,2.56271620904766,0.726082181158971,2.14590470322694,0.81676676814363,1.1045103165837,0.424978130541177,0.450490600588367,0.66470903102335,1.02571813570887,1.58880486308888
"patient.follow_ups.follow_up.2.new_tumor_events.new_tumor_event_after_initial_treatment",1.26052996426527,1.00813481468015,1.00244236689756,0.618228398989808,0.61228670062136,0.0399121736816609,0.31188001100816,1.6909672173132,0.0836067185809884,1.89783591046953,0.220083045391996,2.12563983028171,0.869423636543258,1.33749635144593,0.159430600188465,0.363850692681209,1.45526071594108,0.557870280140937,0.166681421803123,0.00821560938463537,0.878718822009357
"patient.follow_ups.follow_up.2.person_neoplasm_cancer_status",0.709614658177021,0.0873834342113813,1.27058530375775,0.45970464427144,0.451545667599556,1.9633502558847,0.475742668906242,1.03928552430669,1.64881084418294,0.236410364313697,0.00545592023096502,1.95528281690379,0.355508378264724,0.827341102682894,0.420959617500551,0.511403047774703,1.40350962265699,0.611706933828415,0.247544514825887,0.451741070514997,0.177458841809661
"patient.follow_ups.follow_up.2.primary_therapy_outcome_success",0.635107652389674,0.77958822573861,0.49269614765709,0.408397691350097,0.41817641186334,0.927883250452881,0.126196336867103,0.158981637515732,1.01705896428211,0.721234413662528,0.476584656228834,0.401875557724289,0.682710651982838,0.0687200261920656,0.254500270948658,0.357029672634572,1.05734248953706,0.475765565140277,0.443134598822862,0.128789772119517,0.305162040949284
"patient.follow_ups.follow_up.2.radiation_therapy",1.6839744173301,0.596239331169709,0.979938610582314,0.762325972654668,0.948962763832173,0.800238306730869,0.629209192043281,1.05979697024302,1.06070982584917,0.720034646786347,0.0186701411846641,1.27356650580505,0.202674914742635,1.41521577564285,0.205661067929624,0.763284019367127,0.99698475999317,1.81840388575649,0.593858117550522,0.134103490089349,0.607276687892896
"patient.follow_ups.follow_up.2.smokeless_tobacco_use_at_diag",0.424431956328493,0.260612683202738,0.788505497500849,0.609058093059364,0.509321475026542,0.0584607959436329,0.588390279074932,1.44854198811402,0.105058097645178,0.684337272701238,0.0886200259873405,0.357294268218785,0.292716495847625,0.150848696567144,0.226864731600611,0.549450563728831,0.346554564163684,0.204791903941823,0.047082983270268,7.29452276239029e-05,0.612868152689303
"patient.follow_ups.follow_up.2.smokeless_tobacco_use_regularly",0.326558152704429,0.316991807548498,1.13476480959187,0.379209490614626,0.291318217814791,0.059062934646009,0.334080209503234,1.29561924116968,0.0673185715930871,0.582629437799203,0.0815370935402231,0.790255470988779,0.109913116074781,0.504224821045521,0.270748742276845,0.719005036137695,0.484608173834348,0.216860941877817,0.00675417616840537,0.0392956171206197,0.594692810155004
"patient.follow_ups.follow_up.2.targeted_molecular_therapy",0.615112060571849,0.404766655314448,0.60854146095882,0.145647453556747,0.138875919491728,0.623942321229913,0.129961897644485,0.546052446540129,0.565821661239121,0.11588407523682,0.00855852369544407,0.389320835160076,0.176801812134803,0.132047757041723,0.14975939522149,0.27900683784694,0.0776066311137799,1.08436698134005,0.172652203118978,0.385091793119312,0.755271916000999
"patient.follow_ups.follow_up.2.vital_status",0.348119406515852,0.673112990870981,0.619968626484483,0.576713057428687,0.584746415413498,1.49506848488117,0.629145728564112,0.110083840809301,1.39244619433283,0.499871296325724,0.0480422094617799,0.652897586119855,0.263367758845971,0.152738710633961,0.157491607907352,0.185206090785371,0.548968655364573,0.665615357345047,0.361007165345621,0.395111983760364,0.00209804329493709
"patient.follow_ups.follow_up.disease_after_curative_tx",8.59454544468509,4.82739861556421,1.41487192668509,1.67518619312506,2.35107948281917,0.206298755837322,0.579125867426138,6.69274055307726,0.0179278163887472,4.73726954136719,0.542086187181352,2.06672360994083,0.00174274682749367,3.36917097534083,0.0332320198428207,1.62090649409272,0.749253148818484,4.82888555409661,0.0183719846735828,0.0406926649781622,3.56539990556024
"patient.follow_ups.follow_up.followup_case_report_form_submission_reason",3.25969558354682,3.27148146886092,0.350692709814362,3.3100901805993,3.57669243392382,3.25878701952399,2.42405135172876,0.927845295825244,2.89092565731427,4.02109770806407,0.0534537839396791,0.352004580808448,1.97095480863171,0.439793101057652,1.06790220737966,0.175464806822805,0.263454514837741,0.630487145873505,0.099672875611579,0.974187352630796,1.69170718924491
"patient.follow_ups.follow_up.followup_treatment_success",1.4175568804054,0.378146126606879,1.18643116053575,0.556967820080021,0.620059456969879,1.01983391733424,0.60862696430697,1.69967209301509,0.660141997139213,0.294286615741815,0.0387592290552392,1.37861256937524,0.286134910950565,0.476222508884962,1.52399703258865,1.43719523066214,1.65440060039068,2.14727886295627,0.884912253199036,0.0661754474177808,0.136538508059864
"patient.follow_ups.follow_up.lost_follow_up",2.17014259359149,1.39734232450364,2.88721690834003,6.18977225804284,6.47958091027182,2.70425739208337,4.81979854164859,8.149867217877,2.46495127055432,5.65212401674635,0.451698042923966,1.85923761467706,1.6894432784945,1.87899310604445,2.56735195721691,5.08754849125178,3.01730768297347,2.78078768469895,1.35790926854249,0.990324648035286,2.44406922601259
"patient.follow_ups.follow_up.method_of_curative_tx",3.45422982245361,1.7660410918739,1.8335818025391,1.09661135660686,1.26544199425285,1.13651879782568,1.00727163569876,3.8290580424467,0.697497646373809,1.93471719548174,0.757654794877732,3.01649122137953,0.123884550900109,2.5952778792056,0.899478659285596,1.27882568544219,1.1676053834115,2.30799221486209,0.241551327824765,0.323643987478426,2.44387032561962
"patient.follow_ups.follow_up.new_tumor_event_after_initial_treatment",1.08712055452972,2.10101548845533,0.199945593454869,6.33116076414223,6.78727486159536,4.17491649278846,4.62881745351688,4.07683704141718,4.27374447554191,7.84659063503943,0.527145057219646,0.337141688550161,4.02963070675189,0.9817938017333,0.233172793387594,1.61729752645275,1.61581686365372,1.62691613463103,1.84636728467772,1.59389032329171,2.80231711106608
"patient.follow_ups.follow_up.new_tumor_events.new_tumor_event_after_initial_treatment",5.87257402632109,6.82417722910894,4.09368285059914,9.60754730964629,10.3870632792731,7.18668112984616,6.22833438869699,6.16565047250036,5.48037765981597,12.4935708334608,0.896391596784614,4.05728973049124,4.15795059673401,4.75014968508908,0.828248442384815,2.80388823601433,1.92701744966298,4.39130544634208,0.458510535674016,3.12709893658583,3.58261142177341
"patient.follow_ups.follow_up.person_neoplasm_cancer_status",0.84668276451372,1.00033523570074,1.17434781590674,0.184732531984038,0.225167062840645,1.01493430695697,0.199904911752277,0.254045748120475,0.524510527190546,0.426068225478052,1.37452970124877,1.46310080336607,0.126504930613025,0.214873183823828,0.576613485577619,0.570514320838778,2.21345111023606,0.930917304733585,0.865440585148766,0.394549923915876,0.00624313601049368
"patient.follow_ups.follow_up.primary_therapy_outcome_success",0.336139055650955,0.124005879531191,0.563174189506774,0.151674715871593,0.179335080277011,0.912222838368958,0.527655944450708,0.131171234858151,0.126517775585093,0.225236196535978,1.97769263933172,0.712140272974393,0.54386736589375,0.501486688640135,1.76388432100126,0.396099945555364,1.41776438302283,0.14643051689653,0.403637310769412,0.715036956182129,0.260584236411011
"patient.follow_ups.follow_up.radiation_therapy",3.64762792854503,0.457778429234608,4.27416106427781,1.81890158667999,1.66484365494226,6.34077060372519,2.48721921834686,2.10604234766571,3.21033256067155,0.72586150690124,1.72360498430137,5.7164885345674,0.0306680389427601,1.8179490321586,5.16793559000162,1.77873897317673,2.90519595701497,2.12845420214051,1.3212605665377,3.17171712681468,1.01489419261506
"patient.follow_ups.follow_up.smokeless_tobacco_use_at_diag",1.60248465401725,1.32415045712376,0.00333292271641154,1.58032640082661,1.81349071424647,1.16289507975099,0.99876486810278,1.30102368298537,0.619035643067673,2.57972623284221,0.153641761016151,0.0285936342509607,0.500737572741526,0.0500827621634626,0.227534814228151,0.100262078555744,0.00113281212815303,0.373557770027717,0.175132969486261,0.475334006643793,0.864982274199846
"patient.follow_ups.follow_up.smokeless_tobacco_use_regularly",1.59709280311811,2.38661050296636,0.205725134092966,1.17607859760723,1.3246992671332,0.388851568435754,0.506550008303164,1.45786659486215,0.424023252892019,2.25504813567383,1.02218770786931,0.632672191146232,0.441735265611467,0.610728106176763,0.488691880760269,0.329203749011681,0.14306407983417,0.460072051771336,0.931492481476024,0.190724914149413,1.10959749662794
"patient.follow_ups.follow_up.targeted_molecular_therapy",0.312882765255208,0.0543244090669554,2.10623701986614,1.02528069697356,0.979526503219251,3.01418386564738,1.52610840226613,1.04244113062484,1.44339876091322,0.601681464047744,2.5174305379812,1.57204964936511,0.850644613750103,0.592088827110219,3.22295453251467,1.36136909300002,1.08085655807108,0.533214183230046,1.44856769931331,2.25183860485101,0.566778059074826
"patient.follow_ups.follow_up.vital_status",2.22946184877686,0.621772364766756,1.21247037003188,0.0262630305424177,0.00989154364842609,0.682674140313095,0.0114057471862136,1.35578429997095,0.350633611147397,0.0941589565064656,2.5888970524427,0.881854885963881,0.00802539812368506,0.814030188579061,0.468673317975349,0.846963450578438,0.373399398710394,1.73994459847834,1.049179957997,0.293771133112489,0.876078788617834
"patient.gender",1.57208571562272,0.0125070505732539,6.51332724051399,2.22842609184519,2.21553964435513,10.5576063950014,5.29361479671785,1.58070763933241,6.02686185821473,0.306781938017596,2.18173019484223,6.1327645091754,0.910863084765142,2.27490742057581,4.13068104417858,4.33737815709518,1.1941313335228,1.2950301246427,1.34737253363316,10.5981668841026,0.0457061880867832
"patient.histological_type",6.48218970981728,3.09565671892143,5.70173760002749,0.880836822934904,1.13047054744036,0.601563582460819,0.175724413731142,4.14659533723904,0.227054135347733,2.582571779029,1.66442524115814,8.58884490805441,1.35057977260099,4.69993066188044,2.14408623960145,2.26310756231594,5.74074602806662,5.46191487891482,0.128751961754799,0.076820138075454,3.56373358712149
"patient.hpv_status_by_ish_testing",1.71083796919185,0.605310835551936,1.34843507409736,0.555945668304766,0.531221914650156,1.17309665345616,0.253876760394447,1.95906656753536,1.23870483488413,0.639289844472165,0.690584983677619,0.930616709175398,0.592494814521166,0.826249220376397,0.187640882179048,1.57326044319301,0.0193158693162185,0.0598930817809775,0.421313321582061,0.63096189749283,1.22165710454361
"patient.hpv_status_by_p16_testing",2.04172982201469,1.46888488789044,2.99047584418865,0.21197141322309,0.28529501005204,0.546834575277159,0.11183369110885,3.88134411529536,0.233790622329923,0.928786649434105,1.14781913643198,3.22075184580673,0.0944961154718251,3.24873866033896,0.604305127385282,2.57719971924305,0.604958234899702,0.78681069424403,0.179061130093187,0.547448121077782,1.79261282783607
"patient.icd_10",1.66313331889161,0.640038868868782,3.6917111309854,1.19315575343132,1.1898974044323,2.72774585392511,1.53743012248019,2.48169134126483,1.61017623236235,1.0081705132157,0.866799559467027,3.58044170887036,1.44329505565887,1.71996526753868,1.28675670523237,2.47050378631461,1.9356239770855,0.982622883119403,0.741196931023255,2.78144146187299,0.774245807731583
"patient.icd_o_3_histology",2.45734531571461,1.44571851431493,2.17106723072554,3.55330887843745,3.3361097864362,1.98808162310241,3.88583796598309,3.44788222302579,1.90921711672624,3.22992409617149,0.33929439656797,2.94182811901046,2.17675443274047,1.45325433127304,3.05745322897148,1.50280570109662,3.12399547214521,2.90353763654578,1.26783313119618,1.00149000050235,2.43791361600751
"patient.icd_o_3_site",1.66313331889161,0.640038868868782,3.6917111309854,1.19315575343132,1.1898974044323,2.72774585392511,1.53743012248019,2.48169134126483,1.61017623236235,1.0081705132157,0.866799559467027,3.58044170887036,1.44329505565887,1.71996526753868,1.28675670523237,2.47050378631461,1.9356239770855,0.982622883119403,0.741196931023255,2.78144146187299,0.774245807731583
"patient.laterality",2.27750792390762,1.57464298299727,1.74876513528686,2.27676622347595,2.65234749894927,0.40628538949986,1.76334981517604,3.33662779874323,0.934936996897874,2.75798632188441,0.92443657027276,1.79167711474273,0.621141722836834,2.68596399964521,0.778917156203099,1.44750502897517,3.29278090114282,3.0697347764705,0.511988768504991,1.85738229440716,2.8069925982017
"patient.lymphnode_dissection_method_left",0.816124693638917,0.993558640785125,1.18055793707807,0.371252486391232,0.347720509822774,1.70979316142614,0.882782975592804,0.298402670603034,0.982357692688516,0.225993650904095,0.717593552567424,1.45083519292822,0.439233339937724,0.498085771615868,3.056767491026,0.604362518236333,1.03673789903322,0.268219392314753,1.08043597178856,1.26913461914014,0.316725723712709
"patient.lymphnode_dissection_method_right",0.740908654132782,0.319360974645805,1.09516413846693,1.35111643141785,1.25219400203576,0.8358513515543,1.62290999508134,1.06354438166976,1.27360034444277,0.589076920470901,0.121795219160652,1.90377028212631,0.835089855582813,1.30372493084026,1.2922539091422,0.841872917419326,2.32949022584172,1.73698614700531,0.76574091705673,0.351315807204052,0.701059503167205
"patient.lymphnode_neck_dissection",0.159324979271462,1.97631587873824,0.26119750619936,0.549149197489548,0.559762929075876,0.749005449217294,0.63693489915242,0.212555738654241,0.415057790487757,1.18239191359221,1.50590386096675,0.271276279140009,0.148636066835495,0.214919421673088,1.38798104307364,0.0291907157447383,0.0123062943513324,0.811028511104254,2.61784223399161,0.464371178058229,0.371758110224568
"patient.lymphovascular_invasion_present",0.198043296566337,1.126553311718,0.793949802808641,1.64695872836923,1.7170079046544,2.08770119861826,1.38989825512489,0.216051313693332,2.84049489766067,1.69861827877669,1.20111773033437,1.79658011662748,1.08320219829331,2.3595038034741,0.0844193450084726,1.12879600584437,1.73536338635717,3.25531708081792,0.473314599815224,0.278046311466611,0.0654656361304844
"patient.margin_status",3.32863884887295,1.71187379681222,4.39236337010299,0.851915916292503,0.866686087424584,2.51425158840084,1.00785713784907,2.88550861593171,1.03814732059507,0.58608562567873,1.68555435914197,5.50099824187291,1.7312191295173,2.62823830768899,0.482881829413786,2.62663972330621,3.04616542413725,2.54477243473583,1.4961927520682,1.58882226987266,1.70939573098608
"patient.neoplasm_histologic_grade",2.56749783484865,1.06231282650558,5.73182095410609,1.25665921790095,1.35915168015837,4.34135415669765,1.77809426936197,2.35527878351662,2.9945341837529,0.693440601662887,0.795469842906289,4.74349732265078,1.41110215989184,2.15207669750431,1.15372947481988,3.96895868374953,2.33694402465519,1.99121797953442,0.397242003259383,2.7595012256926,1.14393774494747
"patient.new_tumor_events.new_tumor_event_after_initial_treatment",7.80433555684806,6.01627460660877,1.24233081395337,12.3258170200424,13.5744960850055,4.6045442167065,8.43591240346005,10.2519847458314,5.1875675384051,17.9581381665709,1.09083851613699,2.98864263568761,4.94972999665172,6.26156853922621,1.99732589230853,1.49011445619359,3.49986855643822,8.57822142744413,0.885702832025297,2.75503833837599,4.64342238071352
"patient.perineural_invasion_present",1.67055397647694,4.79669331776583,1.37482405663143,3.05659636474406,3.37800494337719,0.623983289365737,1.3629625946119,2.01222943708404,2.52501026690035,4.43210414208807,3.86591474542231,1.62668098670508,1.91637893002058,4.54992202644575,0.0788582038351141,2.759725630446,2.29702602676187,3.75883714277227,1.57723913955772,0.0409394890180422,0.12795544097033
"patient.person_neoplasm_cancer_status",1.75663580162602,2.49917406954486,0.531480048260943,1.29575372650148,1.36680399905045,2.21635582204536,1.82265144377611,0.180040658794551,1.95553990521588,1.47511833062341,1.27756409030884,0.738905803500387,1.0522592805178,0.279490360255764,0.192736066982967,0.830102380644922,0.086906370498411,1.78961530107619,1.51679330282472,1.21454041691512,0.28344153081294
"patient.postoperative_rx_tx",3.93196032373817,4.22552808066714,1.81418675983544,13.7130793311667,14.4874274640635,5.99045453878661,11.0443262894295,11.6296224788406,7.74832732109099,14.7558722709163,0.311071979974284,2.55286860377139,5.36715515802175,4.76752408558692,2.51865646084104,2.06593167852778,4.05233705803159,7.73190351706825,1.451876085639,3.72442060019569,3.12174162334195
"patient.presence_of_pathological_nodal_extracapsular_spread",0.478434003802692,0.203574906000947,1.14476122039879,1.41583103160324,1.4877583201349,1.67960392148357,1.3015585303036,2.30382700244955,1.22712740912561,0.976792884439364,0.527713145967219,1.03411877928644,0.428612725480117,1.06621660981462,0.758199990567055,1.08621290729951,0.638103109025113,2.15232002233123,0.039085485739368,0.136276994369431,1.66209926643249
"patient.primary_lymph_node_presentation_assessment",0.0683105424541605,1.76862592428623,0.375198794538309,0.0796947799716314,0.111382626672292,0.1385427751681,0.169253617024916,0.00501257666824878,0.178089964150355,0.971047032941825,3.75815356373583,0.2037415839695,0.610310813529872,1.15278691972235,1.73699402333812,0.0849096949302729,0.101221152742399,0.66427542991145,4.69940729565798,1.34016454576533,0.556842950265962
"patient.primary_therapy_outcome_success",4.83902421429661,3.1098650477012,1.28325799950967,6.24785974266761,6.70240909555077,1.75849104971625,4.80584704101787,7.61495149544756,2.12698694995547,8.87423822458853,0.383141778046982,3.05228602568008,4.40592135552314,3.25218088038452,1.6292465154722,1.3914531262371,2.39691455862647,6.8584906419253,0.869773036530948,1.29138745790283,3.8440623322772
"patient.prior_dx",0.0831937457870361,0.223930742593695,0.315291896441437,0.346532908986895,0.325773775734343,0.168409019023813,0.133428233530464,0.263336016033865,0.198800979500111,0.218859534793084,0.0889889853821109,0.180073139211865,0.848008318145091,0.178984454212766,0.194784676197089,0.286300624664124,0.169004672035829,0.429035810940022,0.27151323359915,0.545973033740685,0.138278807392526
"patient.race",0.45502084106653,0.202020153523675,0.698690997335827,0.743244949454592,0.697989465229723,0.354134136905229,0.768233068620468,1.23582644545514,0.30277987295171,0.629331208277757,0.121507435926571,0.951393893373188,0.646556762434798,0.667425808604083,0.833269893838159,0.812378056009122,1.2468064383451,0.286288352239182,0.453638003831103,0.390942694007397,0.284494203018984
"patient.radiation_therapy",5.19688696342931,4.71833473473638,2.04563844389519,12.8111510704855,13.6500371179377,5.3182206678052,9.73851916199642,12.3055014664905,5.83380829347462,15.9884154539242,0.427663337057118,3.71084376390434,4.83469815029736,5.38325627793809,2.81360351064616,2.25540171650683,4.56849679607499,7.90295207922555,1.52610090593408,3.28861473378245,4.99983845299928
"patient.radiations.radiation.2.anatomic_treatment_site",0.956410408966606,0.44231676160386,2.37852344427064,2.09457906385079,2.07844251087621,0.49340780821048,1.51203145111278,5.84975142677292,0.806787189365608,1.94080732536523,0.607168733722673,2.34853815371278,0.518638978788009,1.8810091139167,1.47698396434056,2.35187130709176,2.48570788057697,1.29111995422477,0.626551514512075,0.779152724163174,0.663338289295186
"patient.radiations.radiation.2.radiation_treatment_ongoing",2.85107252729284,1.32739179847236,7.09805711435262,3.49214995297281,3.60563883594961,0.0171922908415021,3.11929931344259,17.257150117186,0.13632718290183,4.09221415029273,1.31270281101088,6.35103401217134,0.104134941821558,5.33486082764937,3.7208582059247,6.64869930385999,4.61404647941244,3.24449252622363,0.771741259132204,0.559519909896895,2.00139047824621
"patient.radiations.radiation.2.radiation_type",1.50348744263939,0.766404933617021,3.52313633329679,4.70397754084469,4.8082863352649,1.95945622539572,3.50359408970847,9.43178231027063,2.3806526683124,3.9723362050282,0.653553082771974,3.27294431027307,0.906447800404428,2.96187523484165,2.04212780736934,3.45863163216743,3.39594575756114,2.04417362311427,1.56753890540733,0.476666466726166,1.38766004528271
"patient.radiations.radiation.2.units",1.92952730409057,0.929163612841231,3.58705324524096,1.97067776499545,2.10499625769983,0.0717384004602627,1.6465327897582,9.00008383211837,0.147564314233632,2.39955307353547,0.78997898244581,3.20059381996114,0.140664395411574,2.83798122921253,2.09426377994339,3.32964624716908,2.45287462401658,1.64202492297379,0.429738656203107,0.279863471878407,1.01669750018351
"patient.radiations.radiation.anatomic_treatment_site",2.0604750173367,0.0201567397704772,2.02533976810392,0.496940012896676,0.463860683384339,1.45871935991713,0.473228786952501,3.40683940758327,1.68945518441519,0.275173680954635,0.346862176443478,2.35309882323494,0.423255383299564,1.6633446581683,0.425186823588061,1.06313502322302,1.16714548134489,2.52751663091912,0.87827785743505,0.411478902544251,1.04047845703358
"patient.radiations.radiation.measure_of_response",2.40373331264162,0.839467701419361,2.53249346614637,1.08613218443017,1.21000126597506,1.43555226487814,1.15398952681416,3.96780301868143,0.766860846280573,1.41436075576068,0.562004821059608,1.95020614861346,0.428314814131213,1.27000427083856,0.238811720643654,1.94362329828763,1.35028601732706,2.35381612716171,0.322968803207795,0.376340233344964,3.01144659603619
"patient.radiations.radiation.radiation_treatment_ongoing",7.69193191097784,0.109907611825113,8.53601023671763,0.0527984074163689,0.00214824167517621,2.90379314131296,0.108063894501965,13.096730128746,4.00461063016494,0.0977493126544761,0.215534645527818,8.0532038436875,0.895902983922373,4.35231531674414,0.665497044829331,5.39798753562939,3.36282079138253,6.49567215097152,1.19594715594387,1.07810630521101,5.25354015420579
"patient.radiations.radiation.radiation_type",4.39435416449795,2.9809239515763,1.97137647363569,5.22555143947595,5.50560039081107,3.46020605756702,3.78118801375294,6.46788908895588,4.58745104412258,6.76167906159601,1.26501515785693,1.95247787019069,2.1071027581417,2.03775990626966,0.732971033183204,1.48118497323989,1.82063371377244,2.79010162024642,0.798462407424285,0.794157646990143,3.08830931567587
"patient.radiations.radiation.regimen_indication",0.403334210892051,1.9157818633463,0.403502276927247,3.31126058399273,3.44027190557466,2.4283234388113,2.34054397159478,1.18352049216871,3.25152221225443,3.72043325156424,1.36626623641802,0.209051850122875,1.58928369148005,0.498241507189472,1.93795206308807,1.17760280190568,0.788324433086438,0.897977882454434,0.998553827828241,0.54231409367741,0.531287279795588
"patient.radiations.radiation.units",3.36587732554598,1.1522127038005,2.60369499885895,1.42127226553372,1.52085160826228,2.3424905053958,1.34344686035998,4.120057625216,2.22207905523489,2.27807366090958,0.373377951373089,3.20094292703024,0.554548157896661,2.05039263946234,0.856604976143829,1.27780388921325,0.937753180850819,3.16290207934239,0.485219925755822,0.971168252939479,1.98862031000163
"patient.stage_event.clinical_stage",0.444252053350303,0.5186076060966,2.86223188905172,2.08901222191721,2.07617178557389,3.23394874346223,2.47594399229828,2.74376128996579,3.13156337301832,1.29107870142721,0.46925719972919,1.55407037435753,2.37740648038947,0.539493008349883,1.79851537196124,2.60606984138487,1.88957677304263,1.20574227143026,1.04586887981717,1.69961434006661,0.600971634507623
"patient.stage_event.pathologic_stage",3.06828593572905,3.13711663939125,2.09311967755919,1.31324880471749,1.29646160316472,2.64780016645587,1.68327957451184,1.38029197104225,2.09653833376113,1.48697423512828,0.9022212575442,3.92950659488762,0.641763544024917,1.93286062559663,1.67043604316592,1.1521121761982,2.68814338610773,0.815488601506867,2.0555185261873,1.83751207943699,1.64322698229315
"patient.stage_event.system_version",0.285550485748279,1.01998411573641,0.326331893036373,1.42493227615825,1.54812229052072,1.42997616769996,1.34405814969488,0.0208015444921223,1.61628255463506,2.7634542081294,0.222639067000773,0.116353040864189,1.3441236525503,0.693662687056538,1.31489278797194,0.213826808077576,0.131811861877147,0.217902045341535,1.02605957505879,0.589740492361326,1.07377744723335
"patient.stage_event.tnm_categories.clinical_categories.clinical_m",1.82030335717043,0.612683734696875,0.948343778553762,0.878852064618787,1.04189358603485,0.444131322192017,0.695746802260829,2.18187170280053,0.364941726605066,1.11372019237027,0.260186898982729,2.19686157524338,0.335963258613976,1.57841358002709,0.4893402301266,0.717758467508982,1.49570273644687,1.25272614913832,0.369914331715209,0.574118838464868,3.00983414279541
"patient.stage_event.tnm_categories.clinical_categories.clinical_n",0.983271131983187,0.669626459669035,1.15596878666308,0.404667720924962,0.35527371755604,1.24863933992805,0.477413893388951,0.973241805320933,0.903947019216896,0.599465907001982,0.512667979422338,1.53342927868239,0.437325100201441,0.741305370016345,0.398354201218087,0.695257757899498,0.534150999979313,0.462208658536345,0.663067094532397,0.613229276643363,0.374277698880142
"patient.stage_event.tnm_categories.clinical_categories.clinical_t",0.573184086457539,1.01436426841499,0.721006878846016,2.14974504666835,2.12346868915744,1.66076772422354,2.52555830346544,1.09064849820854,1.81478345491317,1.77259613361587,0.890436401597596,0.898248825374578,0.522845495203738,0.752462864460791,1.73754833058495,1.12735926541109,1.05413802005906,0.67355513629102,0.678370520734554,1.40280874551575,1.74154659663054
"patient.stage_event.tnm_categories.pathologic_categories.pathologic_m",1.02019928351254,0.500488799368417,2.50560694839864,6.35653322412534,6.40953424110618,1.87484656592179,5.40581770673807,7.98200325976526,2.72165138350514,3.76984866546483,0.183322306743191,2.03217850406685,3.05739804801721,1.61527484742857,1.32208450999838,3.10122052074522,6.23048091265826,3.43231565769929,2.84642483279311,1.54886639628917,1.55150346163004
"patient.stage_event.tnm_categories.pathologic_categories.pathologic_n",4.2468760812952,4.11041902639932,1.98814174232183,1.53131651232181,1.64739480963913,2.0492606970829,1.39732411306825,1.3195794729618,1.60335278518653,2.57515711262457,2.33991504531989,2.80122314691057,1.36552295969012,3.33201960704596,1.23439501720114,1.33853718190054,1.6163481350493,1.68647585213397,1.79824037014638,1.15633156404819,1.35800194386884
"patient.stage_event.tnm_categories.pathologic_categories.pathologic_t",1.05329441979634,1.34497106521503,0.929000311929169,1.1443341117922,1.22285329278476,1.71288826143656,1.42187057623212,0.382858903347357,1.34759134621456,1.15741444387824,0.392495750502212,1.39223475482488,0.713632460895726,0.928488893989033,0.788218579639374,0.660125724217077,1.30177169343671,0.566430867997095,0.839240303868751,1.8544276256291,1.33318530755808
"patient.tissue_prospective_collection_indicator",3.74908710156503,2.17439959345313,0.899771089568101,1.01236693075331,1.19648859450283,0.184121042550852,0.622844121512818,1.24313045816341,0.394525281903656,1.91475554329838,1.2451881757727,2.19780193478862,1.64233031744137,2.88355964125319,1.53318619465562,0.418643865162456,1.0428532511774,3.75399801771662,0.228029449511337,0.42364473482242,0.705491191570385
"patient.tissue_retrospective_collection_indicator",3.74908710156503,2.17439959345313,0.899771089568101,1.01236693075331,1.19648859450283,0.184121042550852,0.622844121512815,1.24313045816341,0.394525281903655,1.91475554329837,1.2451881757727,2.19780193478861,1.64233031744137,2.88355964125319,1.53318619465562,0.418643865162457,1.0428532511774,3.75399801771662,0.228029449511338,0.423644734822419,0.705491191570384
"patient.tobacco_smoking_history",0.75923337330841,2.1350568243813,1.12817288716877,0.708979596493825,0.783374771369397,1.1231770608249,0.743578981393612,0.413914375427971,0.916726082411594,1.52114717707552,0.477493229488668,0.887798414612741,1.50431016166036,0.179742214253817,0.797682035661723,0.801977703933483,0.903335363328033,0.239553342648786,1.50673819667521,1.8355370028451,0.149960014025426
"patient.vital_status",7.99736114490891,4.5789555350621,3.82239281007756,0.931837889055617,1.12258936203602,0.182896094809347,0.910201137783844,8.72875286284086,1.21270172618403e-05,3.14868795103604,1.4868408306379,5.38383303085489,0.509318314419546,4.43050626089917,0.425545749985296,2.19261689570942,0.632979975610265,5.28794136906292,0.348009046266412,0.0854566885141996,2.25494672801614
"patient.hpv_test_results.hpv_test_result.hpv_call_1",0.407090177036162,0.145814230881216,0.601570600911088,1.51721752632729,1.45327348612602,3.32297273209805,1.36653531713104,1.06861061888511,2.13925926951309,0.213141952254765,2.35854177955219,0.694591611851171,0.82658177470521,0.772301136288229,0.746688269206958,0.151237116584463,0.668431340817537,0.177645779624744,3.76420873518919,2.85290232769686,2.61849268738238
"patient.hpv_test_results.hpv_test_result.hpv_status",0.364908964665866,0.170664220578702,0.841875329335367,2.06645244801818,1.94374546484981,3.930512684372,2.12471224234642,0.679119126359869,2.76279500870615,0.569732982833738,2.3558317207793,1.1763531287394,0.882960621340762,0.79366221636738,0.817878799892675,0.123343814816479,0.292007336504526,0.189512215222574,2.86954744864926,1.92221524224275,1.99580917075662
"patient.bcr_canonical_check.bcr_patient_canonical_reasons.bcr_canonical_reason",2.9712332582555,0.781445491055365,0.916012103857567,0.348537213779799,0.525114595484023,0.16107894587492,0.289463357405962,1.75858273281593,0.00930201522697311,0.427857375990274,0.398282275976517,0.864049480093717,0.287327590461022,1.91062805281582,1.36453534531048,0.868923113904126,0.230333047870328,4.73119771665039,1.33710021293997,0.418907707223458,0.739649750388777
"patient.bcr_canonical_check.bcr_patient_canonical_reasons.bcr_canonical_reason.2",5.58291914173602,1.32105433176278,1.12161163456644,1.32549746742677,1.68948285406173,0.24399324444701,0.85148250825628,3.4680738896674,0.061155096351511,1.02977192687078,0.0104848002693417,0.981380814612068,0.112593867995989,2.50321984752524,2.41049015874853,0.709342746066177,0.394474198720357,7.5846800207473,1.05319011663052,0.178257840779753,1.28753202970557
"patient.bcr_canonical_check.bcr_patient_canonical_status",3.97532716346274,0.244053555138106,0.850210913589147,0.381239895822379,0.62824396845575,0.303272772818707,0.840440817515434,2.50418726775357,0.0119188215297218,0.0408151740753782,0.507166223160112,0.389429611584242,0.75249977301981,0.79818208315741,3.05582886614774,0.368643370756273,0.487923884991883,5.32406548319854,3.96161023325402,0.222675999383262,0.707642862918278
"patient.biospecimen_cqcf.consent_or_death_status",3.90977653435462,1.06245111424831,4.94391682143701,0.245637356484783,0.305526142927381,0.554843157900451,0.274032171441602,8.1924950737617,0.350603086969294,0.440625941509916,0.355413033754938,5.78235374270666,0.001950257805518,2.87153623570573,0.36390265941372,3.20559032821559,1.72346987752966,3.09573506118746,0.191447360808286,0.195033865906126,0.0193150097301572
"patient.biospecimen_cqcf.country",0.506374770462878,0.487732968679107,0.705025936202862,1.50887915069326,1.52296171260092,1.10334787068126,1.17808117657669,1.40686495030134,1.01053000187634,1.07443917628725,0.516235092804315,0.993708773836937,0.485430085566056,1.1129737955393,1.82906742614426,1.24776459430664,1.43832005833855,1.50249470481981,0.861763099091297,0.57011897591496,0.26466095090429
"patient.biospecimen_cqcf.digital_image_submitted",6.04388650667023,4.00767401118322,0.140144464087297,1.37849631844858,2.03391215613094,0.797882189210553,1.08917495305924,2.8842531260674,0.251523602072887,3.09222177033347,0.129975614884511,0.609741140778059,0.589023862256425,3.29857528497066,0.47047333920949,0.167382926546857,0.00291662923626322,8.04665000439276,0.309596640242024,0.136079310934608,2.8909264214949
"patient.biospecimen_cqcf.ethnicity",6.49639410061051,3.17727351962945,2.18439817877788,7.69317980240264,8.49439147720228,2.15888577600181,5.3719945585821,11.3303632258209,2.90326854844913,10.0555145720113,1.25344141635417,3.0247984485477,2.59565493996914,4.30150912904658,1.60681615070572,2.50137690147441,2.321731501764,5.58215635934374,0.4217744480497,1.10033017906324,5.17508125036385
"patient.biospecimen_cqcf.frozen_specimen_anatomic_site",1.64117485190881,0.894665072429886,2.64585360228236,1.30635661396524,1.2347424138102,2.26877100344732,1.56794046074499,2.15175350576412,1.33088601818709,1.03248604222576,0.96288999221476,3.30588948982083,0.84172424898782,1.67522691027019,1.1408298697298,1.83902821341332,1.42277993684944,0.792713603069511,0.970627379698019,2.85731049784941,0.897010575581715
"patient.biospecimen_cqcf.histological_type",6.48218970981728,3.09565671892143,5.70173760002749,0.880836822934904,1.13047054744036,0.601563582460819,0.175724413731142,4.14659533723904,0.227054135347733,2.582571779029,1.66442524115814,8.58884490805441,1.35057977260099,4.69993066188044,2.14408623960145,2.26310756231594,5.74074602806662,5.46191487891482,0.128751961754799,0.076820138075454,3.56373358712149
"patient.biospecimen_cqcf.normal_controls.normal_control.extracted_dna.ncedna_dna_qm",0.529668709212553,0.799995061736183,1.44528843295323,1.57701239051068,1.73823002671379,1.91662894258961,1.2397810596796,1.27331327796788,1.67119811147788,2.02815872864032,0.344919926351715,0.995468597010544,2.35380944140213,0.656800837850322,0.707270756819893,1.3044851298261,0.347119563960817,1.21880283438936,0.574193187100835,0.92234608473941,1.47890535070032
"patient.biospecimen_cqcf.normal_controls.normal_control.method_of_normal_sample_procurement",12.314476283711,10.3555559483928,0.575446921184633,27.965517611205,30.7336867442768,14.3371788338162,26.5622901999292,17.9705199521889,13.256411730672,32.5273017323375,0.513821220343705,2.776919723059,10.6983227821418,8.10771908244981,7.22506759815205,1.99395413908208,3.31162241719035,16.3348686623204,3.24094375887288,6.46136304660276,11.272262387005
"patient.biospecimen_cqcf.normal_controls.normal_control.normal_tissue.normal_tissue_anatomic_site",2.75154384464662,1.21135832511517,2.94764114434975,0.35705728990853,0.467166660776256,0.748270625227508,0.300892403561225,2.10131970400973,0.00936509130347699,0.863348098910334,3.77336939973109,3.81156085401854,0.38250440990608,3.34721043520059,1.52048872194358,2.96314234682467,3.37792161598459,4.60080231602624,2.91433210257964,1.86692998376049,1.20962599594751
"patient.biospecimen_cqcf.path_confirm_diagnosis_matching",1.06646914150088,0.661066161798394,1.06582368561024,0.911024968686795,0.966542016884172,0.132939530130934,0.712360102164213,1.74145538484549,0.483851420704463,0.902992746552073,0.767460247450093,0.996457385798143,0.276449445707769,1.14779979649609,0.520952982570529,0.937106327263358,0.865472512673574,0.995744052147041,0.0594229990475968,0.135978406395184,0.263441570134664
"patient.biospecimen_cqcf.path_confirm_tumor_necrosis_metrics",0.633394383306514,0.350515494162921,0.434118441360485,0.000104848164246988,0.00181308029162801,0.124784701646907,0.229046995342616,0.622686617374752,0.106364407855065,0.0458339021510365,0.272877542150759,0.160869406912953,0.449225249352166,0.252920847603107,0.518122059615007,0.0480239448825593,0.0840604335570341,0.0709296549729777,0.101079676830156,0.0372131730702239,0.299021380614963
"patient.biospecimen_cqcf.path_confirm_tumor_nuclei_metrics",1.10214260526289,1.06060556034556,1.32136559899566,1.16182446048955,1.04535161340764,0.153945486632471,1.64556700243168,2.35783714037305,0.507092722624441,1.10172847085944,0.245977915557937,0.923930580748213,0.592342807696967,0.592907414314832,0.772816338684868,1.27068731296261,1.30470234888351,0.495966743264928,0.288156452732409,0.311337954032668,0.794717503850261
"patient.biospecimen_cqcf.race",5.98960784861156,3.39183115835713,1.9486367142392,7.6343544868814,8.54102467418843,1.51466456504125,4.63837244962407,10.7775806000358,2.27969141873333,11.1799545616067,1.30261389063571,3.26572779743918,3.77218057383353,4.39258591179161,0.660344691966903,2.30635655835464,3.40384836606512,5.06621691010402,1.14796832349154,1.19291419188547,3.2363114915425
"patient.biospecimen_cqcf.sample_prescreened",0.633394383306514,0.350515494162919,0.434118441360482,0.000104848164247261,0.00181308029162692,0.124784701646908,0.229046995342625,0.622686617374739,0.106364407855072,0.0458339021510328,0.272877542150763,0.160869406912943,0.449225249352138,0.252920847603098,0.518122059615017,0.0480239448825596,0.0840604335570275,0.0709296549729871,0.101079676830166,0.0372131730702287,0.299021380614965
"patient.biospecimen_cqcf.site_of_disease_description",2.1895431941001,1.33349173523628,2.38528781661191,2.36715969395837,2.34184180296968,2.8230819595331,2.62194944340149,2.67735723301465,1.89847398558559,2.09016788943905,1.05145743946133,2.99013703117566,1.03333165037513,1.73100677482959,1.24756250604734,1.79970707576542,1.43546884833939,1.02703130611197,0.905841760881663,3.20615800687529,0.91862356892694
"patient.biospecimen_cqcf.submitted_for_lce",9.50940833624477,7.11377258559956,1.37796949436882,15.2266305589213,17.0978390165887,5.58126683814431,12.3637849759913,13.8127492998273,6.47204167472153,19.6480142301183,0.651303823734088,3.07531771115521,7.0606343512558,6.4111352912962,2.11478171944574,2.34241738818275,3.33345271451944,11.5040543267153,1.55415296493871,2.77415453658716,7.87551792127951
"patient.biospecimen_cqcf.top_slide_submitted",9.02025202079076,8.21717739013617,0.318635713552444,3.41877303095945,4.63603081680039,3.36098729404428,4.35150514879053,2.6541790262124,1.65017674258769,8.60295923730266,0.0532440368254972,0.00359288867886701,1.09413995006216,2.16274786137633,0.73097450704925,0.636644930358322,0.822735390145029,5.71331645793463,0.0960002944141512,1.33696112562246,6.72164550119896
"patient.biospecimen_cqcf.vessel_used",1.23306252213684,0.726043655473751,0.75382445368751,0.224419346656768,0.346298733715912,0.620022665536151,0.237213571244553,0.72758750985772,0.251692172573479,0.43537058392759,0.782123359305079,1.07101495838832,0.518944360482087,1.08610124421033,0.0707766600027233,0.253592185531164,0.406493915745131,0.878830318896839,0.477466977679466,0.543666860008621,1.32151452222878
"patient.samples.sample.2.oct_embedded",9.11553961795081,6.35429753657487,1.62370745584543,15.301881060962,16.7382474884033,4.56619827156952,11.4471356176761,12.738399648658,6.69353881501931,20.5469518961896,0.903265719335604,3.81200674084101,7.92148721053893,7.06108139285958,2.17154561866305,1.7051693366558,5.66766545703508,11.1038714795005,1.77418482938422,2.92364605300272,6.09018507536113
"patient.samples.sample.2.portions.portion.analytes.analyte.2.aliquots.aliquot.is_derived_from_ffpe",0.228539296854974,1.3448474852219,1.25203209764507,4.60762530255344,4.7303312412518,4.80026483560452,6.19708662836823,0.133384281220067,5.4795855246198,3.6504274027908,0.001119276893178,1.1247705797188,2.6703739805386,0.0463255995718393,1.05250090849167,0.451848725120001,0.353891526692817,1.42226558651604,0.14847083158845,4.21401339248755,0.226165205402923
"patient.samples.sample.2.portions.portion.analytes.analyte.2.aliquots.aliquot.plate_row",1.14032628454926,0.878183752343757,1.13665113468209,1.09035909105245,1.17812784051677,0.94707275251935,1.22470148480566,0.961333545084091,1.34548926686051,1.00300219266812,0.886519287219062,1.21092904125711,1.26047319998458,1.15704949133921,1.22551750469057,1.14280556152889,0.848335219981384,1.45532755539057,0.802124021683823,0.999044095619288,0.752831890495467
"patient.samples.sample.2.portions.portion.analytes.analyte.2.analyte_type",0.66324085435541,1.06922717983099,0.686068989666689,2.39075261433825,2.53767191792587,2.39274118725632,3.06815208063796,0.450594735281512,2.71195222256112,2.27136268830678,0.405046738295486,0.876172751111524,1.50364323436905,0.868738467025787,0.640195848282839,0.285394783631696,0.20858772125,1.17568303113259,0.289215526763296,2.12497732558882,0.252548960448904
"patient.samples.sample.2.portions.portion.analytes.analyte.2.analyte_type_id",0.663240854355411,1.06922717983099,0.686068989666691,2.39075261433825,2.53767191792586,2.39274118725632,3.06815208063796,0.450594735281508,2.71195222256113,2.27136268830679,0.405046738295489,0.876172751111517,1.50364323436904,0.868738467025777,0.640195848282838,0.285394783631697,0.208587721249999,1.1756830311326,0.289215526763302,2.12497732558882,0.252548960448903
"patient.samples.sample.2.portions.portion.analytes.analyte.2.dna.normal_tumor_genotype_match",1.18334625416267,2.11800022368187,0.271044415532391,3.31271021156053,3.81129905758905,1.91516057277105,2.8218666296091,0.783717354175418,2.57467925826126,4.07176435369961,0.446229026280579,0.0297373858259628,2.46085032308681,0.603899184580206,1.13823589393778,0.0476845496904971,0.0532160760218878,2.34334880353126,0.040170497976711,2.62889595472933,0.509247072830706
"patient.samples.sample.2.portions.portion.analytes.analyte.2.dna.pcr_amplification_successful",8.61732832506811,6.97759742779823,2.19473243533048,20.4708960606331,22.5025742217366,6.5950131451027,15.2203399494102,16.8234696041965,8.50425518560133,24.9823640552937,0.933954629677108,4.13106754891125,8.21659866418247,7.615229145825,3.83209484409126,3.14975407510917,6.25667343398596,13.5340763942506,2.46960745724055,4.31076319666473,6.12151125079802
"patient.samples.sample.2.portions.portion.analytes.analyte.2.gel_image_file",0.228539296854974,1.3448474852219,1.25203209764507,4.60762530255344,4.7303312412518,4.80026483560452,6.19708662836823,0.133384281220067,5.4795855246198,3.6504274027908,0.001119276893178,1.1247705797188,2.6703739805386,0.0463255995718393,1.05250090849167,0.451848725120001,0.353891526692817,1.42226558651604,0.14847083158845,4.21401339248755,0.226165205402923
"patient.samples.sample.2.portions.portion.analytes.analyte.2.is_derived_from_ffpe",0.228539296854974,1.3448474852219,1.25203209764507,4.60762530255344,4.7303312412518,4.80026483560452,6.19708662836823,0.133384281220067,5.4795855246198,3.6504274027908,0.001119276893178,1.1247705797188,2.6703739805386,0.0463255995718393,1.05250090849167,0.451848725120001,0.353891526692817,1.42226558651604,0.14847083158845,4.21401339248755,0.226165205402923
"patient.samples.sample.2.portions.portion.analytes.analyte.2.protocols.protocol.experimental_protocol_type",0.442089170719805,0.759775574062541,0.561504722130862,3.00428902221089,3.0183338649644,2.60987711523013,3.52717178973068,1.22614528605773,2.6969379968605,2.0519235109875,0.268194920883315,0.580259089248051,1.04362884351551,0.655657001284684,2.14157942925126,1.18080649701693,0.433839437375884,1.32683720950039,0.930925704206154,1.74815706478807,0.194329651682932
"patient.samples.sample.2.portions.portion.analytes.analyte.2.spectrophotometer_method",8.20187667253859,5.95790012990021,3.93383666028354,19.8613543950585,21.3679665180166,7.06020711368999,15.459631834852,19.5344754114192,8.38086699379508,22.4749260527239,0.575278166361733,6.76825265980593,8.04254222908388,9.83409351969495,3.44550998504193,5.06920531906048,6.88810893570839,16.1826226230944,2.73227070279603,3.71164643616856,7.23889530048236
"patient.samples.sample.2.portions.portion.analytes.analyte.aliquots.aliquot.2.plate_row",1.05754529046098,0.661492815015568,0.779722178428274,0.355440516215893,0.364441571866108,0.443273637369737,0.304206934031858,1.06563843709201,0.319074653584639,0.369348488086436,0.674564416760616,1.21095479444631,0.2724931353494,0.574167191166856,0.722254938815088,0.797081351017818,2.46593810552946,1.62918068486163,1.42565515338465,0.377610322209539,0.268479850653678
"patient.samples.sample.2.portions.portion.analytes.analyte.aliquots.aliquot.3.is_derived_from_ffpe",12.9656583377185,11.278471825721,5.63191613944869,11.0483722753515,12.3110456541051,2.39504379582933,7.73449317112194,17.416064316189,4.42933468791824,18.0346117612738,5.08665241965662,6.91934962300924,4.67885775421535,11.9907671460389,0.0449228136107425,7.22421918307893,9.37438719384206,6.26224676130803,0.0139722539988586,0.0484107014881036,7.87246996554071
"patient.samples.sample.2.portions.portion.analytes.analyte.aliquots.aliquot.3.plate_id",2.29078065825874,1.90264749026887,2.10992236308923,1.42676164975846,1.62211251782557,0.623245257436577,0.938654252271959,3.54390239744032,0.725254741752146,2.46492326948894,1.37976276370311,2.10551661397688,1.17753973259454,2.77972505398926,0.328341716548677,2.2152200070508,2.02847112798862,1.72884550839524,0.532328311547456,0.58331676285749,1.55117650576293
"patient.samples.sample.2.portions.portion.analytes.analyte.aliquots.aliquot.3.plate_row",3.12172087982321,2.6830978676568,2.41673698441997,2.8378316507242,2.92847290336876,1.26508751958669,2.01774390497634,4.26708863430317,1.73747802675596,3.33486983962139,1.3667379660021,2.30492410738505,1.68397876544726,2.70807128489858,1.3496103920795,2.97405690713663,3.16887880019805,1.71132125751203,0.960177760239976,0.532307959685079,1.28510226101125
"patient.samples.sample.2.portions.portion.analytes.analyte.aliquots.aliquot.plate_row",1.05754529046098,0.661492815015568,0.779722178428274,0.355440516215893,0.364441571866108,0.443273637369737,0.304206934031858,1.06563843709201,0.319074653584639,0.369348488086436,0.674564416760616,1.21095479444631,0.2724931353494,0.574167191166856,0.722254938815088,0.797081351017818,2.46593810552946,1.62918068486163,1.42565515338465,0.377610322209539,0.268479850653678
"patient.samples.sample.2.portions.portion.analytes.analyte.dna.pcr_amplification_successful",18.3912181873257,12.8145543388881,2.73093368029236,29.564788750764,32.8775412309802,8.82511291150191,21.4154532439594,25.5994281441884,12.0207112093255,41.3349511322927,1.75563152518311,7.55269028974503,15.1957328456126,14.2064858048108,3.80346496260484,3.13551601890367,9.15084759645667,21.9204933526444,2.51646471528252,5.84911043710602,11.8914301187983
"patient.samples.sample.2.portions.portion.analytes.analyte.protocols.protocol.experimental_protocol_type",6.33196310945114,4.18391863687525,1.7136526021881,6.93913456976704,7.79609176463535,1.59290825097592,5.3698713679886,9.3559702433889,2.63394161979134,11.4686677837726,1.33965969205262,4.07410625980765,3.5726231104121,6.47054038442294,1.71558786699244,1.62176035366023,3.41365531903314,7.49638665424445,1.1303622470162,0.949055001415859,5.05766452155743
"patient.samples.sample.2.portions.portion.analytes.analyte.spectrophotometer_method",3.71580373866415,5.69252235020943,0.0602068443282747,6.58427720907227,7.3880292370252,5.19693413093047,4.91202004764042,1.61726825570567,5.85327678508547,11.1057238710506,4.56020925369079,0.0520272622972433,4.65001884874451,2.45531815887717,0.806218344987219,0.00758883595833897,0.865697054739357,0.543389927650671,0.0231892957923059,1.47349897777323,1.76151079141393
"patient.samples.sample.2.sample_type",0.590961728235179,0.692058385820131,0.590007037875568,0.0995210673534475,0.177509222445823,0.164699322006153,0.103155860210054,0.460471047963443,0.00212965976909939,0.420187584663829,0.418486420653501,0.714979767064852,0.168073985911585,1.71041446813651,0.131432570865669,0.580634668175148,0.380998570260253,0.68881799073192,0.819820982042866,2.76321797220398,0.507085891437259
"patient.samples.sample.2.vial_number",0.812315879926532,0.516341162714348,0.638613340635183,0.614439967688085,0.584872325780046,1.00509868071695,1.28772127841014,0.650476227373265,1.10572596476075,0.245922519853744,0.527923946371544,0.462531556689116,0.301484965310909,0.70073657548725,0.38794601834544,0.29054638810518,1.05070810445633,0.834843052168796,1.00709553650072,2.65772734356207,0.804735259752158
"patient.samples.sample.3.is_ffpe",4.42309755263013,0.472702198300744,1.38922674611597,0.448064788224095,0.73036181244216,0.187867824785404,0.679269095605256,2.90337389290136,0.0110029908939455,0.0641407388188795,0.4692685804759,0.703449786749703,0.852026846340898,1.46697468283659,2.95245588080579,0.733493403839151,0.260565461336842,6.3646861590084,3.06917907175464,0.00397702275106028,1.12055111932919
"patient.samples.sample.3.portions.portion.analytes.analyte.2.aliquots.aliquot.2.bcr_aliquot_barcode",4.05348850028362,4.04534104968322,1.96690702353136,1.05138440832345,1.14039779249834,1.02849350136473,0.65484432241828,1.6057973651235,0.966667355921907,2.04025844735359,3.45071926451993,1.46158426422457,0.942570161252226,2.29210548133911,1.33097359240405,1.69278578059586,1.69962416781961,3.11247000047982,2.98696466652956,1.65975118109606,2.01447016355905
"patient.samples.sample.3.portions.portion.analytes.analyte.2.aliquots.aliquot.2.bcr_aliquot_uuid",4.05348850028362,4.04534104968322,1.96690702353135,1.05138440832344,1.14039779249833,1.02849350136472,0.654844322418276,1.6057973651235,0.966667355921904,2.04025844735358,3.45071926451993,1.46158426422456,0.942570161252211,2.2921054813391,1.33097359240405,1.69278578059586,1.6996241678196,3.11247000047983,2.98696466652956,1.65975118109606,2.01447016355905
"patient.samples.sample.3.portions.portion.analytes.analyte.2.aliquots.aliquot.2.is_derived_from_ffpe",11.3334812487768,2.49056753769861,2.98529203956399,2.57454913743915,3.24476664944997,0.222410763247251,1.4300211416719,7.16887664188511,0.133047574071045,1.9866093504177,0.0491696293853357,2.78626691234576,0.0267084473492144,6.14668796272229,4.80349973812738,2.41159491270679,0.882572371786048,19.7149765408932,1.58002943575998,0.110621921062968,2.7662965509225
"patient.samples.sample.3.portions.portion.analytes.analyte.2.aliquots.aliquot.2.plate_row",3.16423806619087,2.39964140163383,1.54671728714148,1.30484625525711,1.449804132752,1.66499935941241,1.22353101316753,1.57043163016623,1.27810788427593,1.22711285377273,2.76491471148276,1.26331671734964,0.587878026020425,2.20519950580259,2.17824517320975,1.57685310081631,1.09900891050827,5.08773501438579,3.21120032185251,1.55176834517311,2.0775595291068
"patient.samples.sample.3.portions.portion.analytes.analyte.2.aliquots.aliquot.is_derived_from_ffpe",6.00863021453905,0.914720707304673,1.63741881131314,1.44028267183365,1.89114032776911,0.463333674963559,1.59374538314595,4.31881765281559,0.0742068681143515,0.675902675835945,0.130196587726851,1.14029225542619,0.327748662936719,2.50191935790586,3.76922634735347,0.944464611176128,0.498690755184667,9.29261448245268,2.68924061255682,0.0598882416959211,1.56525350855516
"patient.samples.sample.3.portions.portion.analytes.analyte.2.aliquots.aliquot.plate_id",1.47175394583278,0.732924288910582,0.662336690133019,0.601602800342073,0.64784217310557,0.262176933271959,0.427769127059382,1.35243808832171,0.210338993357809,0.758758224225287,0.813180895817034,0.945103188652991,0.296883182931598,1.18259508431267,1.04394006807963,0.628968777131303,0.564249278430916,2.59681640936188,0.677782457527879,0.29769416273867,0.471074933615058
"patient.samples.sample.3.portions.portion.analytes.analyte.2.aliquots.aliquot.plate_row",1.97369373012073,1.72428521052679,1.25799811788794,0.88616605697101,0.987125234890937,1.53392198367144,1.08276699309394,0.901250236603096,1.04211010891862,0.80413676791399,1.71693624029664,1.31085004088613,0.466780837406717,1.48399736577871,1.49507087169782,1.17105023927653,0.912253607236519,3.4985041997663,2.22010350068255,1.30997246184632,1.53717077443783
"patient.samples.sample.3.portions.portion.analytes.analyte.2.analyte_type",5.69576724828074,1.38945824865697,1.49910188657417,1.28937593760158,1.61636179465133,0.239355427515066,0.831114935548449,3.55666431496627,0.066744845071235,1.13827751468539,0.45990319684956,1.50079854370789,0.298005745863228,3.30618631949995,2.41960541766563,1.31743882424027,0.441762674925431,10.0777051776463,1.33878115877335,0.055759202269293,1.3831455621443
"patient.samples.sample.3.portions.portion.analytes.analyte.2.analyte_type_id",5.69576724828073,1.38945824865697,1.49910188657417,1.28937593760159,1.61636179465133,0.239355427515067,0.831114935548453,3.55666431496626,0.066744845071236,1.13827751468539,0.459903196849559,1.5007985437079,0.29800574586323,3.30618631949995,2.41960541766563,1.31743882424027,0.441762674925433,10.0777051776463,1.33878115877335,0.055759202269294,1.3831455621443
"patient.samples.sample.3.portions.portion.analytes.analyte.2.gel_image_file",6.00863021453905,0.914720707304673,1.63741881131314,1.44028267183365,1.89114032776911,0.463333674963559,1.59374538314595,4.31881765281559,0.0742068681143515,0.675902675835945,0.130196587726851,1.14029225542619,0.327748662936719,2.50191935790586,3.76922634735347,0.944464611176128,0.498690755184667,9.29261448245268,2.68924061255682,0.0598882416959211,1.56525350855516
"patient.samples.sample.3.portions.portion.analytes.analyte.2.is_derived_from_ffpe",6.00863021453905,0.914720707304673,1.63741881131314,1.44028267183365,1.89114032776911,0.463333674963559,1.59374538314595,4.31881765281559,0.0742068681143515,0.675902675835945,0.130196587726851,1.14029225542619,0.327748662936719,2.50191935790586,3.76922634735347,0.944464611176128,0.498690755184667,9.29261448245268,2.68924061255682,0.0598882416959211,1.56525350855516
"patient.samples.sample.3.portions.portion.analytes.analyte.2.protocols.protocol.experimental_protocol_type",5.69576724828073,1.38945824865697,1.49910188657417,1.28937593760159,1.61636179465133,0.239355427515067,0.831114935548453,3.55666431496626,0.066744845071236,1.13827751468539,0.459903196849559,1.5007985437079,0.29800574586323,3.30618631949995,2.41960541766563,1.31743882424027,0.441762674925433,10.0777051776463,1.33878115877335,0.055759202269294,1.3831455621443
"patient.samples.sample.3.portions.portion.analytes.analyte.2.spectrophotometer_method",4.74736163022591,0.890455070858806,1.10969262217551,0.981125408887415,1.34176813707155,0.218366851405926,0.851094991391436,3.08760920700246,0.0341798902931159,0.688585878929579,0.0373443077142705,0.986926565911251,0.178847491263712,2.32294377098304,2.39482291216076,0.706976749892193,0.346131887730413,9.6510334185375,1.06060256532717,0.0587359655615557,1.1477973609841
"patient.samples.sample.3.portions.portion.analytes.analyte.3.aliquots.aliquot.bcr_aliquot_barcode",4.05348850028362,4.04534104968322,1.96690702353136,1.05138440832345,1.14039779249834,1.02849350136473,0.65484432241828,1.6057973651235,0.966667355921907,2.04025844735359,3.45071926451993,1.46158426422457,0.942570161252226,2.29210548133911,1.33097359240405,1.69278578059586,1.69962416781961,3.11247000047982,2.98696466652956,1.65975118109606,2.01447016355905
"patient.samples.sample.3.portions.portion.analytes.analyte.3.aliquots.aliquot.bcr_aliquot_uuid",4.05348850028361,4.04534104968321,1.96690702353136,1.05138440832344,1.14039779249833,1.02849350136472,0.654844322418275,1.6057973651235,0.966667355921902,2.04025844735357,3.45071926451994,1.46158426422457,0.94257016125221,2.29210548133911,1.33097359240405,1.69278578059586,1.69962416781961,3.11247000047983,2.98696466652957,1.65975118109606,2.01447016355905
"patient.samples.sample.3.portions.portion.analytes.analyte.3.aliquots.aliquot.is_derived_from_ffpe",11.3334812487768,2.49056753769861,2.98529203956399,2.57454913743915,3.24476664944997,0.222410763247251,1.4300211416719,7.16887664188511,0.133047574071045,1.9866093504177,0.0491696293853357,2.78626691234576,0.0267084473492144,6.14668796272229,4.80349973812738,2.41159491270679,0.882572371786048,19.7149765408932,1.58002943575998,0.110621921062968,2.7662965509225
"patient.samples.sample.3.portions.portion.analytes.analyte.3.aliquots.aliquot.plate_id",2.64679652345203,1.17695341882309,1.32733251191319,0.691160671189685,0.808485111770968,0.184601651064242,0.314357505593515,2.18151222491357,0.0482908232076227,0.949064519617877,1.26701676565304,1.63606102398331,0.215127481767421,2.01664559551305,1.30457477231819,0.9708074127186,1.81248821148267,4.38444074909968,1.30826173952545,0.394597274142711,1.67091529458195
"patient.samples.sample.3.portions.portion.analytes.analyte.3.aliquots.aliquot.plate_row",5.27809923830629,5.77868429570488,3.12796807144557,1.33677505639683,1.44456427795484,1.25494219529477,0.967488540344816,2.32533407859784,1.24435296375994,2.85158004717355,5.29345022706307,2.00780207049695,1.25558713389783,3.94804866765998,2.36893993140966,2.07258966939285,2.02782708699763,3.68699651431303,4.16818244126528,2.44792317407218,1.11344398599655
"patient.samples.sample.3.portions.portion.analytes.analyte.3.analyte_type",11.3334812487768,2.49056753769861,2.98529203956399,2.57454913743915,3.24476664944997,0.222410763247251,1.4300211416719,7.16887664188511,0.133047574071045,1.9866093504177,0.0491696293853357,2.78626691234576,0.0267084473492144,6.14668796272229,4.80349973812738,2.41159491270679,0.882572371786048,19.7149765408932,1.58002943575998,0.110621921062968,2.7662965509225
"patient.samples.sample.3.portions.portion.analytes.analyte.3.analyte_type_id",11.3334812487768,2.49056753769861,2.98529203956399,2.57454913743915,3.24476664944997,0.222410763247251,1.4300211416719,7.16887664188511,0.133047574071045,1.9866093504177,0.0491696293853357,2.78626691234576,0.0267084473492144,6.14668796272229,4.80349973812738,2.41159491270679,0.882572371786048,19.7149765408932,1.58002943575998,0.110621921062968,2.7662965509225
"patient.samples.sample.3.portions.portion.analytes.analyte.3.bcr_analyte_barcode",4.05348850028362,4.04534104968322,1.96690702353136,1.05138440832345,1.14039779249834,1.02849350136473,0.65484432241828,1.6057973651235,0.966667355921907,2.04025844735359,3.45071926451993,1.46158426422457,0.942570161252226,2.29210548133911,1.33097359240405,1.69278578059586,1.69962416781961,3.11247000047982,2.98696466652956,1.65975118109606,2.01447016355905
"patient.samples.sample.3.portions.portion.analytes.analyte.3.bcr_analyte_uuid",4.05348850028362,4.04534104968322,1.96690702353136,1.05138440832344,1.14039779249833,1.02849350136472,0.654844322418273,1.6057973651235,0.966667355921902,2.04025844735357,3.45071926451994,1.46158426422457,0.942570161252209,2.29210548133911,1.33097359240404,1.69278578059586,1.69962416781961,3.11247000047982,2.98696466652957,1.65975118109606,2.01447016355905
"patient.samples.sample.3.portions.portion.analytes.analyte.3.dna.normal_tumor_genotype_match",11.3334812487768,2.49056753769861,2.98529203956399,2.57454913743915,3.24476664944997,0.222410763247251,1.4300211416719,7.16887664188511,0.133047574071045,1.9866093504177,0.0491696293853357,2.78626691234576,0.0267084473492144,6.14668796272229,4.80349973812738,2.41159491270679,0.882572371786048,19.7149765408932,1.58002943575998,0.110621921062968,2.7662965509225
"patient.samples.sample.3.portions.portion.analytes.analyte.3.dna.pcr_amplification_successful",11.3334812487768,2.49056753769861,2.98529203956399,2.57454913743915,3.24476664944997,0.222410763247251,1.4300211416719,7.16887664188511,0.133047574071045,1.9866093504177,0.0491696293853357,2.78626691234576,0.0267084473492144,6.14668796272229,4.80349973812738,2.41159491270679,0.882572371786048,19.7149765408932,1.58002943575998,0.110621921062968,2.7662965509225
"patient.samples.sample.3.portions.portion.analytes.analyte.3.gel_image_file",11.3334812487768,2.49056753769861,2.98529203956399,2.57454913743915,3.24476664944997,0.222410763247251,1.4300211416719,7.16887664188511,0.133047574071045,1.9866093504177,0.0491696293853357,2.78626691234576,0.0267084473492144,6.14668796272229,4.80349973812738,2.41159491270679,0.882572371786048,19.7149765408932,1.58002943575998,0.110621921062968,2.7662965509225
"patient.samples.sample.3.portions.portion.analytes.analyte.3.is_derived_from_ffpe",11.3334812487768,2.49056753769861,2.98529203956399,2.57454913743915,3.24476664944997,0.222410763247251,1.4300211416719,7.16887664188511,0.133047574071045,1.9866093504177,0.0491696293853357,2.78626691234576,0.0267084473492144,6.14668796272229,4.80349973812738,2.41159491270679,0.882572371786048,19.7149765408932,1.58002943575998,0.110621921062968,2.7662965509225
"patient.samples.sample.3.portions.portion.analytes.analyte.3.protocols.protocol.experimental_protocol_type",11.3334812487768,2.49056753769861,2.98529203956399,2.57454913743915,3.24476664944997,0.222410763247251,1.4300211416719,7.16887664188511,0.133047574071045,1.9866093504177,0.0491696293853357,2.78626691234576,0.0267084473492144,6.14668796272229,4.80349973812738,2.41159491270679,0.882572371786048,19.7149765408932,1.58002943575998,0.110621921062968,2.7662965509225
"patient.samples.sample.3.portions.portion.analytes.analyte.3.spectrophotometer_method",11.3334812487768,2.49056753769861,2.98529203956399,2.57454913743915,3.24476664944997,0.222410763247251,1.4300211416719,7.16887664188511,0.133047574071045,1.9866093504177,0.0491696293853357,2.78626691234576,0.0267084473492144,6.14668796272229,4.80349973812738,2.41159491270679,0.882572371786048,19.7149765408932,1.58002943575998,0.110621921062968,2.7662965509225
"patient.samples.sample.3.portions.portion.analytes.analyte.aliquots.aliquot.2.is_derived_from_ffpe",4.42309755263013,0.472702198300744,1.38922674611597,0.448064788224095,0.73036181244216,0.187867824785404,0.679269095605256,2.90337389290136,0.0110029908939455,0.0641407388188795,0.4692685804759,0.703449786749703,0.852026846340898,1.46697468283659,2.95245588080579,0.733493403839151,0.260565461336842,6.3646861590084,3.06917907175464,0.00397702275106028,1.12055111932919
"patient.samples.sample.3.portions.portion.analytes.analyte.aliquots.aliquot.2.plate_id",1.53891260148586,0.792675717710051,0.784913281957058,1.09474298839652,1.19744581788,0.275637110895313,0.736878064309848,1.69633598251778,0.633274885841341,1.13497916681577,1.20064311154116,0.930137373781598,0.472592012981613,1.66009586610782,1.10602820983827,0.805198082678403,0.811264271602154,2.336316790635,0.607480957997423,0.218830241240647,0.544738743118107
"patient.samples.sample.3.portions.portion.analytes.analyte.aliquots.aliquot.2.plate_row",1.62781981316616,1.59827644551847,1.55965876911602,0.672641362854161,0.718554856523383,0.877234793191679,0.650400449897657,0.908334842544174,0.665956590055633,0.822035780892825,1.76410054695321,1.19289369554423,0.701405357507196,1.48039586311747,0.752087206061067,1.26346481309405,1.08174115005596,2.34046470116361,2.02842731641094,1.03126395166927,0.826842365621634
"patient.samples.sample.3.portions.portion.analytes.analyte.aliquots.aliquot.3.is_derived_from_ffpe",8.11876481807,1.76246930082209,1.24884639956653,1.93085610859983,2.63811755570578,0.681917875414832,1.60961827748946,5.31850617187924,0.0573282610045269,1.3916644266132,0.142858334526537,0.724511978983994,0.156584015655137,3.15446711727414,2.70605740628123,0.533297068089995,0.154450451121711,8.61345967477036,1.94250636441563,0.295137076125446,1.88010009141654
"patient.samples.sample.3.portions.portion.analytes.analyte.aliquots.aliquot.3.plate_id",3.49338670825176,1.46965931926099,1.01246382887246,1.11962253757469,1.29275038419751,0.257436758988754,0.76000637048059,3.55637543421581,0.0976640343835064,1.42477186585206,1.26374619902277,0.831173527675695,0.0743593368328193,2.14643944103459,1.35017304541201,1.02620948186393,0.191608229598857,3.17760209260516,1.21717173038655,0.144587618214957,0.915450217292266
"patient.samples.sample.3.portions.portion.analytes.analyte.aliquots.aliquot.3.plate_row",2.77046036198294,2.46477238802519,2.68063454156729,1.07833298014683,1.18057996447991,1.58934972847844,0.989709839360634,1.84670983392209,1.05025342192692,1.49930652807245,2.07425691842928,1.98620014673245,0.954984191296595,2.5497798285483,1.07481159119944,1.79734331674509,1.69686067977217,2.56410027812847,2.11563327042166,1.51886687724189,1.12417016651604
"patient.samples.sample.3.portions.portion.analytes.analyte.aliquots.aliquot.is_derived_from_ffpe",4.42309755263013,0.472702198300744,1.38922674611597,0.448064788224095,0.73036181244216,0.187867824785404,0.679269095605256,2.90337389290136,0.0110029908939455,0.0641407388188795,0.4692685804759,0.703449786749703,0.852026846340898,1.46697468283659,2.95245588080579,0.733493403839151,0.260565461336842,6.3646861590084,3.06917907175464,0.00397702275106028,1.12055111932919
"patient.samples.sample.3.portions.portion.analytes.analyte.aliquots.aliquot.plate_id",1.53891260148586,0.792675717710051,0.784913281957058,1.09474298839652,1.19744581788,0.275637110895313,0.736878064309848,1.69633598251778,0.633274885841341,1.13497916681577,1.20064311154116,0.930137373781598,0.472592012981613,1.66009586610782,1.10602820983827,0.805198082678403,0.811264271602154,2.336316790635,0.607480957997423,0.218830241240647,0.544738743118107
"patient.samples.sample.3.portions.portion.analytes.analyte.aliquots.aliquot.plate_row",1.62781981316616,1.59827644551847,1.55965876911602,0.672641362854161,0.718554856523383,0.877234793191679,0.650400449897657,0.908334842544174,0.665956590055633,0.822035780892825,1.76410054695321,1.19289369554423,0.701405357507196,1.48039586311747,0.752087206061067,1.26346481309405,1.08174115005596,2.34046470116361,2.02842731641094,1.03126395166927,0.826842365621634
"patient.samples.sample.3.portions.portion.analytes.analyte.analyte_type",3.15216931093953,0.659773880642825,0.813691381098184,1.69486711391386,1.82969642047589,0.425696628067164,1.39808530760826,2.41986692157111,0.633312055246077,1.59765552983823,0.601400805111222,0.691187326299186,0.824339706111526,1.58854567887891,1.91817505911015,0.483454273967388,0.355765325676532,5.10056663067474,1.5193665834446,0.421488826396284,0.839746648013529
"patient.samples.sample.3.portions.portion.analytes.analyte.analyte_type_id",3.15216931093953,0.659773880642825,0.813691381098184,1.69486711391386,1.82969642047589,0.425696628067164,1.39808530760826,2.41986692157111,0.633312055246077,1.59765552983823,0.601400805111222,0.691187326299186,0.824339706111526,1.58854567887891,1.91817505911015,0.483454273967388,0.355765325676532,5.10056663067474,1.5193665834446,0.421488826396284,0.839746648013529
"patient.samples.sample.3.portions.portion.analytes.analyte.dna.normal_tumor_genotype_match",6.00863021453905,0.914720707304673,1.63741881131314,1.44028267183365,1.89114032776911,0.463333674963559,1.59374538314595,4.31881765281559,0.0742068681143515,0.675902675835945,0.130196587726851,1.14029225542619,0.327748662936719,2.50191935790586,3.76922634735347,0.944464611176128,0.498690755184667,9.29261448245268,2.68924061255682,0.0598882416959211,1.56525350855516
"patient.samples.sample.3.portions.portion.analytes.analyte.dna.pcr_amplification_successful",4.76955090716396,1.15674130819286,1.11217754424782,1.01517315640624,1.42669777335848,0.229879143107181,0.82361852093949,3.36604053349725,0.0368366347484213,1.02405451752445,0.41045664767238,1.24639062630141,0.247836772840847,2.98968591133645,2.44093431434626,0.687392022369834,0.364773405845473,6.61994186825181,1.35761833955629,0.07714554249761,1.19231477782903
"patient.samples.sample.3.portions.portion.analytes.analyte.gel_image_file",4.42309755263013,0.472702198300744,1.38922674611597,0.448064788224095,0.73036181244216,0.187867824785404,0.679269095605256,2.90337389290136,0.0110029908939455,0.0641407388188795,0.4692685804759,0.703449786749703,0.852026846340898,1.46697468283659,2.95245588080579,0.733493403839151,0.260565461336842,6.3646861590084,3.06917907175464,0.00397702275106028,1.12055111932919
"patient.samples.sample.3.portions.portion.analytes.analyte.is_derived_from_ffpe",4.42309755263013,0.472702198300744,1.38922674611597,0.448064788224095,0.73036181244216,0.187867824785404,0.679269095605256,2.90337389290136,0.0110029908939455,0.0641407388188795,0.4692685804759,0.703449786749703,0.852026846340898,1.46697468283659,2.95245588080579,0.733493403839151,0.260565461336842,6.3646861590084,3.06917907175464,0.00397702275106028,1.12055111932919
"patient.samples.sample.3.portions.portion.analytes.analyte.protocols.protocol.experimental_protocol_type",2.60907393618619,0.792018535017008,0.955594647898275,1.51695071665813,1.55024556642329,0.283673505178006,1.13920166623536,2.64346910168744,0.487382897871381,1.5533274626106,0.474596704547827,1.04990949745128,0.548034572514529,1.81063024906549,1.74383572311357,0.984009005039546,0.357002901970212,3.42839809360105,1.0180163574697,0.278103575851187,0.753081210204038
"patient.samples.sample.3.portions.portion.analytes.analyte.spectrophotometer_method",2.41984814830523,0.246722631795346,0.756025727575408,0.933987206948487,1.03406061004059,0.369731842991857,0.863789986615193,1.62228458627821,0.474638766691601,0.267488828120779,0.328276666872711,0.4823273222676,0.465834393356522,0.776512388937496,1.7662358728821,0.599251882993654,0.148479209451066,4.49908308625286,1.75173537769255,0.12124028989088,0.816772071274928
"patient.samples.sample.3.portions.portion.is_ffpe",4.42309755263013,0.472702198300744,1.38922674611597,0.448064788224095,0.73036181244216,0.187867824785404,0.679269095605256,2.90337389290136,0.0110029908939455,0.0641407388188795,0.4692685804759,0.703449786749703,0.852026846340898,1.46697468283659,2.95245588080579,0.733493403839151,0.260565461336842,6.3646861590084,3.06917907175464,0.00397702275106028,1.12055111932919
"patient.samples.sample.3.portions.portion.slides.slide.is_derived_from_ffpe",7.8821887299319,1.53129841315717,2.54256206569128,1.1075954971572,1.62500139721053,0.135441619283166,0.934925296940307,6.02291392914278,0.00114940721979125,0.691304442550295,0.0725311568346556,2.10000415353256,0.598853002500109,4.17395136730788,4.77238454863701,1.77345429133989,0.558118480171045,8.88646111696895,2.15454873516215,1.10964909076104e-05,2.0477959641678
"patient.samples.sample.3.portions.portion.slides.slide.section_location",7.8821887299319,1.53129841315717,2.54256206569128,1.1075954971572,1.62500139721053,0.135441619283166,0.934925296940307,6.02291392914278,0.00114940721979125,0.691304442550295,0.0725311568346556,2.10000415353256,0.598853002500109,4.17395136730788,4.77238454863701,1.77345429133989,0.558118480171045,8.88646111696895,2.15454873516215,1.10964909076104e-05,2.0477959641678
"patient.samples.sample.3.sample_type",3.66792100993416,0.824295505979423,0.949087634829691,0.404234625543182,0.691035359714422,0.0991505762341371,0.343746206457501,2.4195223072011,0.00960106856485594,0.52453443028186,0.512475155225515,0.928416754075887,0.475741412752067,2.19365943128969,1.92900260322285,0.550200814516252,0.216383035900489,4.68374905327921,1.54496062862444,0.0261043392502064,0.901631403640038
"patient.samples.sample.3.vial_number",2.84763769085511,0.701615772104634,1.27898933671996,0.674447215928265,0.744322069608611,0.0936911198425714,0.578288283631218,2.79355307654304,0.0771790201220833,0.606229035578937,0.322302229401888,1.15915610423774,0.43606452358635,1.70897326149594,2.09568613301093,1.3151080666592,0.285868199541255,3.19268087804352,1.54197311676349,0.00349076737939588,0.814160734637098
"patient.samples.sample.oct_embedded",9.18631537354539,6.65711514486859,3.42633002310894,15.5826048938561,16.9887401916822,4.36978642424944,11.1552255003775,14.4974595684692,6.3824554424013,21.1024134321906,1.79555852981877,4.79521255538753,7.74989853380013,7.921769963307,1.92380318293582,3.53921716625392,6.44413864224086,13.6261258572352,1.28647350097079,2.89744583285605,6.02981717687534
"patient.samples.sample.portions.portion.analytes.analyte.2.aliquots.aliquot.2.plate_row",2.11985392168705,0.739574952251731,1.62661029896433,0.251266470629327,0.299492365004459,1.03506336629722,0.548128004545061,1.16548543105301,0.485408978014216,0.295863188592902,0.950883110973207,2.08988406577287,0.188684065932398,1.22181771175107,0.98948663239956,1.44722400486659,0.86687388711013,1.66656871428397,1.04005069393433,1.18185187597146,1.79028974878451
"patient.samples.sample.portions.portion.analytes.analyte.2.aliquots.aliquot.plate_row",2.31767800712919,0.761759836357877,1.58021011151909,0.182917501581564,0.19933658034919,1.04613884263883,0.515108792592848,0.938578212322282,0.439246091443799,0.237143172097187,0.925451924532833,2.07064471096671,0.227356919926498,1.14805852150278,0.974026297853691,1.19029031215665,1.00272811921454,1.46344013407732,1.13973536648297,1.22284459862571,1.66175420731865
"patient.samples.sample.portions.portion.analytes.analyte.2.protocols.protocol.experimental_protocol_type",0.307681802637688,0.00470975598625379,0.0209129816845758,0.169860574525692,0.276924316170336,0.452171923118312,0.344710614877998,1.03437031344995,0.0025621834608399,0.00278235301851353,1.10787638675257,0.0900171400090206,0.461597582216189,0.234175998794479,0.00153559994475739,0.000909706101151643,0.2051770273871,0.431728541160104,1.82072233755182,0.470585835147864,1.48929363501026
"patient.samples.sample.portions.portion.analytes.analyte.3.aliquots.aliquot.plate_row",1.37115829825215,1.10187345060027,0.419602869709187,0.104449970546487,0.184494547688955,0.27353388375486,0.0748684550354981,0.474768511048607,0.309830564095571,0.318452991665883,0.612750746429892,0.31636992923645,0.0990328718326489,0.181188715608838,0.287002703194409,0.435220735589894,0.775809981752673,2.62369051916808,0.643616062019039,0.541910726533051,2.18801898958351
"patient.samples.sample.portions.portion.analytes.analyte.3.dna.pcr_amplification_successful",17.3654920910178,13.5539749029566,3.4091460103953,40.7672939225924,44.6188216991382,12.8717866337702,30.2505094135807,33.8249518330867,16.4688916401124,49.5240712464083,1.74589418845123,7.56487786398905,15.9387159187543,15.3779221959749,7.50490933736387,5.67122491185978,11.3603743645381,27.0261676456523,4.44454729880395,7.5211419866324,12.3632272153215
"patient.samples.sample.portions.portion.analytes.analyte.3.protocols.protocol.experimental_protocol_type",0.023837775294276,0.120377507923404,0.34535261595327,3.68960966128816,3.43053369126635,2.68914049234667,3.80490850600311,2.67895216041263,2.30369114097619,1.36806253021765,0.000868087924954416,0.00741903085886936,0.108463731614273,0.216663806549033,4.93418435289718,3.02803180299654,0.91418004607843,1.46832785990469,2.25883184055853,0.859751995866462,0.0696841911030158
"patient.samples.sample.portions.portion.analytes.analyte.3.spectrophotometer_method",9.31239285821955,6.84582149525103,4.60700130566365,20.7976487466442,22.6992473551096,6.70015493650343,14.9930865486483,22.0824293652014,8.15318541406724,25.0357915731442,0.918537984954321,7.82764677083517,8.39598836687535,11.3152380985749,3.80498671280288,6.13068206591954,7.2284317301204,16.5387939490655,2.27006944798026,3.96311784927947,7.73477851819552
"patient.samples.sample.portions.portion.analytes.analyte.aliquots.aliquot.2.plate_row",1.28341870492575,1.29426200821308,0.452428134330207,0.29278291133838,0.349720057531271,0.247208476376887,0.429341212629794,0.65406299580841,0.273686734914435,0.774660535292551,1.27237485670414,0.826894114366246,0.439532431584299,0.826956804511045,0.957369239698581,0.609487096658111,0.180866019153182,1.49719758427094,1.29013207025975,1.1020114716548,1.71829116020944
"patient.samples.sample.portions.portion.analytes.analyte.aliquots.aliquot.3.plate_row",1.26821944386888,1.36024646472713,0.48252754107352,0.405500273918126,0.463269948212621,0.188060169758394,0.570425322549378,0.821919009634067,0.329983611743396,0.890320661304095,1.25843701211994,0.757958025653007,0.432546851667193,0.898940141470736,0.836176594514384,0.767913955009796,0.204014767073114,1.69095718583233,1.15117821744895,1.11161824568537,1.71820290526797
"patient.samples.sample.portions.portion.analytes.analyte.aliquots.aliquot.4.is_derived_from_ffpe",15.5281277333812,12.6489028659347,5.53058203786479,12.3570349662741,14.0541593336996,2.42386604628399,8.41241038574547,19.7336439156724,4.59002087214883,19.8186729976935,5.99366775418585,7.71036586883771,5.09660701697757,13.6937432007387,0.475269378814263,8.10785815795532,8.48923044385439,11.7990622094106,0.000394972449185616,0.00360287449837647,9.00035903802052
"patient.samples.sample.portions.portion.analytes.analyte.aliquots.aliquot.4.plate_id",2.77869689815412,2.28656766839249,2.49179014225072,1.74261500497093,1.98800670427404,0.631084253574859,1.00818599225247,4.48604856975128,0.792676244344188,3.00482003261215,1.51513826067629,2.44758881396573,1.0611005161831,3.30202423956104,0.219038753603605,2.93977403727723,2.08624271465515,2.67577430432593,0.517314578164452,0.565172982099976,2.01501599853433
"patient.samples.sample.portions.portion.analytes.analyte.aliquots.aliquot.4.plate_row",3.88197045196093,3.87264587598924,2.02040730704939,2.71712559106898,3.0429143397131,1.33098918112361,1.98269710671623,4.35882227634023,1.63341695248043,3.74953875986366,1.42704226957146,1.98920858213643,1.63595191074116,3.02968760077391,1.2448160273918,2.89728249923945,2.28292175036609,2.48470070861651,1.21562569651223,0.619876453737141,1.67315306270186
"patient.samples.sample.portions.portion.analytes.analyte.aliquots.aliquot.plate_row",1.28341870492575,1.29426200821308,0.452428134330207,0.29278291133838,0.349720057531271,0.247208476376887,0.429341212629794,0.65406299580841,0.273686734914435,0.774660535292551,1.27237485670414,0.826894114366246,0.439532431584299,0.826956804511045,0.957369239698581,0.609487096658111,0.180866019153182,1.49719758427094,1.29013207025975,1.1020114716548,1.71829116020944
"patient.samples.sample.portions.portion.analytes.analyte.dna.pcr_amplification_successful",18.3912181873257,12.8145543388881,2.73093368029236,29.564788750764,32.8775412309802,8.82511291150191,21.4154532439594,25.5994281441884,12.0207112093255,41.3349511322927,1.75563152518311,7.55269028974503,15.1957328456126,14.2064858048108,3.80346496260484,3.13551601890367,9.15084759645667,21.9204933526444,2.51646471528252,5.84911043710602,11.8914301187983
"patient.samples.sample.portions.portion.analytes.analyte.spectrophotometer_method",5.98458422195909,6.08909322445464,1.06294800724086,6.75838692511628,7.45262479077318,2.00502378569236,4.07870677334464,4.90191038426847,3.79973728234767,11.7013150001036,6.25349537955143,1.40939088101091,5.32726626329555,4.66751135122273,0.0549138585114277,1.25796003082921,3.93552460689674,0.998912410021479,0.102605717754833,0.339738296663509,1.83995304153218
"patient.samples.sample.portions.portion.slides.slide.2.is_derived_from_ffpe",5.63401802691916,2.21684744012516,2.54671919619302,9.83163682504285,10.803628153012,2.19324600753614,9.08408636105851,12.1915460836095,3.01409159421039,8.27297687699681,0.742641682536279,3.17647687162596,6.21735763465266,3.27806317439051,1.96766261764368,1.7101076471448,4.80545447631625,3.51748174936735,2.51052677536143,3.10488746157747,4.35629896018507
"patient.samples.sample.portions.portion.slides.slide.2.section_location",2.79117614337731,1.16112924148933,1.32723770349137,4.92926602917792,5.39798367210955,1.13762842600423,4.49588546750548,6.48669293358813,1.52430329781734,4.11334005984065,0.585078199647842,1.96088566406565,3.2671277938661,1.86542842150161,1.36897016349116,1.45088008819826,2.76305760381872,1.74163819362964,1.99842578020633,1.67856085470206,2.17290133909358
"patient.samples.sample.portions.portion.slides.slide.section_location",5.02094197313888,1.59761691556532,2.63050100062386,9.28270820225014,10.0652217587777,2.24828764535818,7.90341183525889,12.9330874803714,2.34172676657856,6.79487000046813,0.328056614226369,3.92647514482932,4.42390676114745,3.76929243777508,2.65348511383822,2.60821863069506,5.58215739573311,3.01497475339855,3.69024288855849,3.3745426072786,3.54048533182657
"patient.samples.sample.portions.shipment_portion.is_ffpe",1.95714224286891,0.354119545585108,3.53055813392724,0.163026985197206,0.21552119864633,1.3723624998166,0.0591966617684559,5.12523540009473,0.38643272892657,0.630026053190709,1.11677065113831,4.36109719533695,0.000859915762527745,1.91891005752487,0.243270625190047,1.63763399462261,0.183821118436305,0.119992281874424,0.043125749681225,0.308002004189611,1.3973516750355
"patient.samples.sample.portions.shipment_portion.plate_id",3.78796181063974,2.21241499291171,2.04167798709776,3.22283005107965,3.69334044025662,1.52677175965661,3.22994369351363,5.58588821098785,1.49949697200201,3.45298962695767,1.28938082433847,2.33321548282836,0.986814985896195,2.88053708579396,1.51324927431274,2.20508745221996,1.73064864348206,5.21391484918601,2.01616525184721,1.15324503444904,2.33634204773943
"patient.samples.sample.vial_number",0.0246052713546205,0.0058744271183613,0.31927051582261,0.109726446264987,0.189621083463967,0.734026314257786,0.317806651881722,0.0192289937953533,0.143809342008624,0.0203414419260335,0.0486755506399196,0.995814986807296,0.825243478864482,0.0103505679698495,0.260451750437389,0.128341438129765,0.313471714982735,0.0104527713844243,0.385372141600003,0.342560947134465,0.00744192801756761
