"","RAV188","RAV579","RAV832","RAV1166","RAV220","RAV833","RAV1302","RAV324","RAV1008","RAV1575","RAV868","RAV61","RAV834","RAV517","RAV192"
"TCGA.SS.A7HO",-0.305481688235381,0.511396984575614,0.937609261729356,1.27456423713588,-1.00845528281408,0.053569585251003,0.0160649956806904,-0.0321919644248101,-0.978555043769359,-1.33840041441239,0.606628649628656,0.938894395999934,-1.02471581801994,0.886995755028048,1.05822344317719
"TCGA.CK.5914",-0.166021980518239,-0.154046377824502,0.801294726165067,0.994114320695663,-0.861782375247151,-0.0221238753182861,0.21797324009071,0.50200683311298,-0.605307076638976,-0.412802467736831,0.777699324287711,0.315807784649664,-0.557412921876362,-0.754749768618245,0.140520823164529
"TCGA.AZ.4615",0.161665532998239,-0.672841604099956,0.591734137345456,-0.0533334863737696,-0.290656514383292,-0.105263330400988,-0.35940398430922,0.685982125083784,-0.333467580549087,0.252169537275972,0.413058137690031,0.119974286714314,1.87209870915799,-1.94949377689018,-0.482129436531817
"TCGA.G4.6322",-0.174278668173523,-0.0118721496411862,-0.0703627013193637,0.241810787354475,-0.360487891879041,0.740877446285008,0.303996860354914,0.287708131905895,-0.119382136921703,-0.187530992523409,0.858721505130071,0.0172518518528975,0.837791431873879,-0.360491823430041,0.982415749234787
"TCGA.F4.6704",2.16504277268018,-1.55568884682888,0.203487240379728,-0.843945139361293,1.34284789548092,-1.27134099842599,0.193069456907304,-1.49464795575761,1.69548756688794,1.74691198496493,-0.0405586491363817,-2.27770336090296,-0.543356460964601,-0.245754985682932,-0.121848479218538
"TCGA.CM.6161",0.270034318448219,-0.087740728149236,0.0321375959089528,-0.00633645273325921,-0.126833543327664,-0.115127741419819,0.0307212828496003,-0.482759118767031,0.231235478879078,0.310671822139105,0.111611497870766,-0.292355892409384,-0.356477051668073,0.565551475410074,-0.586069857412983
"TCGA.NH.A50T",-0.990633958782316,0.836835209255336,0.748788611602326,1.57372951231694,-1.64266166900651,0.595634546665555,0.224621714020037,1.03644139836828,-1.57164206017886,-1.61969143274277,1.11370249330037,1.32634969467679,-0.390829819852564,-0.0452973137074632,1.42709291071144
"TCGA.AA.3663",0.491717045982711,0.58443289654196,-2.2562742049141,-2.25963035718768,2.13138951113315,-0.778134863043584,0.0986868369548764,-1.854283436442,1.61937671426673,1.07770556666476,-2.28883285129704,-1.11217421820278,-0.0221059745558167,1.89151524801052,-1.76849650236745
"TCGA.F4.6855",0.699401770507657,-0.538465935273659,0.582282566745931,-0.292140411690123,0.349239662914046,-1.58054473892162,-1.31095011997314,-0.820147606546637,0.623616536265569,0.441941055162159,-0.976952164970461,0.136352872830854,-1.27491672257339,0.484445209064647,-0.906889666694561
"TCGA.F4.6460",0.779251062321898,-0.149242147241327,0.00224264290086718,-0.313283120766488,0.81975239130502,-0.960102912994846,-0.200150741762698,-1.18256530117425,0.834479869232075,0.424196982938995,-1.03170134587017,-0.590668377381313,-1.20579450629685,1.53414481963309,-0.375706094423487
"TCGA.AA.3655",-0.173622384795099,1.28342913008775,-2.39210137996774,-1.8953198457933,1.73382222027546,0.390101212428664,1.22736632708953,-1.00567267138845,1.1557938767348,0.808762993002319,-1.1381357845737,-1.09080966782968,0.552514868984644,1.25495989970747,-1.33632792714702
"TCGA.D5.6531",0.321092377188342,-0.612988019840436,0.986443100497143,0.408284999197696,-0.363309121033791,-0.670215502695148,-0.631846585564672,-0.00395277452609223,-0.222610365678262,-0.0397601864513985,-0.0695583651456678,0.120138167724317,0.0791780210669084,-0.773757014152115,-0.304016200130179
"TCGA.A6.6137",-0.503562453310152,0.312484307337224,-0.440585881540776,-0.00291009250585974,-0.034030648918916,0.651946082560636,0.431660136770827,0.241135306770058,0.0904836777004881,0.0901344371381458,0.0893650761261075,-0.0759322484128734,0.108745820744294,0.323654598385707,0.200502477103037
"TCGA.AD.6895",0.614971924231707,-1.21934904125537,0.365013353769608,-0.150588682619813,-0.0364199787482614,-0.361899338780104,-1.00064004413784,0.471453642436755,-0.161326339826997,0.450658291666362,-0.25787289169718,-0.0244778821773929,1.67379425183329,-1.65114620378136,0.0276153865244822
"TCGA.D5.6535",-0.0965626204829299,-0.436863458976858,0.0329093289344514,0.152685325391281,-0.237121736676993,0.15737045036606,-0.352071892711501,0.483594592815208,-0.124824451385479,0.131523481318267,0.0674020925999206,0.167488178103875,0.218140051444984,-0.560934435983406,-0.126241794233695
"TCGA.CK.5912",-0.45333351216863,0.455267103262966,0.433978287303006,0.698154183566268,-0.72297959444971,0.141831227610107,-0.0502901216735801,0.167020116895838,-0.473724360234737,-0.743711021414089,0.47283871095224,0.771438214748205,-1.19765909281515,0.528721844681113,-0.275088899787326
"TCGA.G4.6309",-0.660345955861051,0.360824259345893,0.255309891102269,0.611576408633073,-1.01112536450929,0.859083027667128,-0.184646819615563,0.857308074587078,-1.03424159665609,-1.12962374393208,0.593655467376036,1.02809311018848,1.45773672229929,-0.399262262620323,0.918235872547222
"TCGA.AA.3697",0.479292206857405,-0.169949537298507,-1.94679474611452,-1.73388420629782,1.74419870538695,0.167401331323506,0.626316803146029,-0.813186208602428,1.30537900514276,1.3421612667488,-1.13551879809589,-1.6254121026968,1.00185853828749,-0.0697051485073715,-1.0634883959562
"TCGA.G4.6307",-1.0489765038684,1.11068967267535,0.355350372287273,1.40966408810441,-0.804271505346774,1.21622468054205,1.34793339467486,1.20999510985721,-1.0325197322274,-1.08194507726364,1.60135600335791,0.442566165841372,-0.268817373954093,0.00675029757935045,2.20164443261003
"TCGA.A6.6648",-0.465102692739695,0.507959232409663,-0.835976573849735,0.461086549975589,-0.472261580100212,1.10532588955858,1.89639994736772,0.485978318308937,0.205559336462337,0.110116158776628,1.22519649795268,-0.853461881864166,0.268882659173601,0.242026714280178,1.13072345573146
"TCGA.AD.A5EJ",-0.318390447707444,-0.239663111166757,0.312345806433081,0.388348902413764,-0.953786032888827,0.535774723667456,-0.178453372294508,1.00855593483653,-0.7830699583448,-0.450766081297162,0.740510016020341,0.660546095396026,1.73008789572812,-1.05611006959961,0.746364501755687
"TCGA.A6.2686",-0.744388785458817,1.72741201073255,-2.73775334906108,-1.75914162666757,1.49544650933589,0.766263505456784,2.49429381872745,-0.4884218337473,1.25273867096577,0.896618925261398,-0.686557422136534,-1.2615396731762,0.590218846300207,1.59581919511281,-0.820517628016212
"TCGA.A6.6650",-1.14876303509834,1.01197303186545,-0.146405342353287,1.08378943000628,-0.981005644882085,0.873340826394887,1.11734475665935,0.985681723550593,-0.796309689697777,-0.88849185442241,1.02328595338619,0.569986208608459,-0.515104750931078,0.185248218056234,1.00601871881774
"TCGA.AA.3517",-0.280176583279171,0.972415312073024,-2.6642684421122,-1.95927657259873,1.87508996575204,0.800342488159297,1.80688194121352,-0.701551819673606,1.390403858376,1.41864388952154,-0.780776009589294,-1.78362330400083,0.791481057522046,0.564393617773889,-1.12095240862661
"TCGA.AY.A54L",-1.4331452263723,1.3013018240284,0.108096989167198,1.27590625008067,-1.45902132299119,1.71134989754602,1.22772223645946,1.39275101744292,-1.21672758795662,-1.39590786322064,1.54046515332859,1.19222119933121,0.18328552781927,0.667674604844483,1.33966152235474
"TCGA.A6.6141",-0.251371169023612,0.00761619955883953,0.0330180445532767,-0.191341910916587,-0.112926938070668,0.379035393499585,-0.753325554954889,-0.0946470134897882,-0.143687431136127,-0.20815336411458,-0.182730210981769,0.392907501505816,0.408376379569173,-0.0521076265010248,-0.156053915481664
"TCGA.CK.6748",0.991865518729182,-0.690231972554198,0.594486428247845,-0.00610747179782163,0.613303735697174,-1.33907985469963,0.125671807011247,-0.680546921121426,1.11074296700466,0.898022934343739,-0.603195983253939,-0.799064705825492,-1.62741265751627,0.551842802187979,-0.276708430807576
"TCGA.A6.5659",-1.06336172835274,1.66641526868903,-2.56055767200322,-2.0132498023343,0.898954850026478,0.255545711804589,-0.256620367315977,-0.830398422419523,0.415147408622793,-0.158974706882684,-1.89984020265153,0.761998651752844,0.796553170257749,1.81802258341425,-2.41631037132165
"TCGA.DM.A1HA",-0.606457171178868,0.495001465465851,1.41184273104481,1.49225608990967,-1.42292249156992,0.402669589004042,-0.359732096198823,1.1325046583727,-1.82642937517719,-1.61789347265778,1.0938693040618,1.78470940409365,0.617555178112059,-0.482810743277033,1.22549019785381
"TCGA.CM.6172",-0.126742426478401,0.234894799700473,-0.511041096201466,-0.205746679478631,-0.0583342017872405,0.248836331441562,0.105070604261895,-0.26325526970549,0.306136890809151,0.172572793029568,0.110720449074921,-0.0515103988665351,-0.378868604653291,0.793830155997972,0.0146172484577641
"TCGA.A6.6140",-1.00073391155935,0.729707561691319,-0.0957532085393153,0.889599453893859,-0.823190575270529,0.782853712894646,0.748176983208016,0.813195917470767,-0.660023113201596,-0.782449441098113,0.603317219214916,0.581690034838339,-0.11265149873326,0.0696746028053541,0.709244803253693
"TCGA.G4.6294",-0.524764018122253,0.484214784586377,0.475138401044357,0.77688932166548,-0.590678295683844,0.217968523754401,0.213776445953009,0.334643718031764,-0.550548030697521,-0.610863161947041,0.505073476814473,0.714130040602007,-1.39818416912137,0.629078607839911,0.232312929611658
"TCGA.CK.4947",-0.0127655780371599,-0.255611945771097,-0.362534378145146,-0.225600179604902,0.068865445581365,0.115608471178978,0.301850978254279,0.101019077264108,0.221073789943054,0.502177453940128,0.152939472673803,-0.590296641344788,0.35941148197682,-0.442540043023353,-0.398955153780021
"TCGA.A6.2682",0.586814269164409,-0.535914636518831,0.637776176851117,-0.116010807703226,0.183836248052114,-0.292888890337267,-0.202005085722548,-0.298249756118688,0.502440158520777,0.402813430367798,0.0153071849276403,-0.312897465402618,-0.400233110319749,0.0811384178526997,-0.0567232150641453
"TCGA.AZ.4616",0.294202766969025,-0.695210832077911,1.15833764965335,0.637051176129425,-0.430398223717463,0.173478525192932,-0.604221484210993,0.51361084033517,-0.57483654289675,-0.393734222652364,0.228715179505013,0.452789576507314,0.613234897924892,-1.27996006065826,0.637643687282272
"TCGA.A6.6651",2.62105596855489,-1.90425509818693,0.377029473013322,-1.25595579671706,2.04568121588628,-2.42925223141037,-1.22319287352622,-2.65861992893114,2.09263399897439,1.96372410340272,-1.9843506466283,-2.14964825273579,-1.78929576080787,0.639528932925015,-1.32233227595682
"TCGA.A6.4105",0.614564232548461,-0.973415005024032,0.685221064626351,-0.00226409835603138,0.045672808810688,-0.449843471355108,-0.788202732536193,-0.371331420910195,0.0487167269581111,0.308006186200364,-0.263554567382694,-0.315293834316279,0.0447564333035134,-1.15578873024663,-0.405494713955917
"TCGA.D5.5537",-0.421367196292448,0.446233731451743,0.439870355778277,0.454102088130265,-0.492168266193152,-0.0240126979649818,0.228343170501013,0.272847271570114,-0.134374051210622,-0.410926888388876,0.322664913731529,0.483043454366409,-1.08039812861965,0.697770044566559,0.536200714781021
"TCGA.D5.6927",0.490131679996108,-1.09990145808451,0.524250150042457,-0.0443339567278854,-0.14787338751908,-0.482603818108335,-1.15380857595384,0.055901692991334,-0.32620656258384,0.120918218258773,-0.275128893484751,0.078447625504996,1.18152853847532,-1.51410568605565,-0.0885173026782124
"TCGA.CM.6167",2.38588418468874,-1.64440284476916,-0.19698087478184,-1.65662865719365,2.07000444365046,-2.48456216901297,-1.57148929916381,-2.63399803416117,1.99820320193152,1.82780535981449,-2.26127604646494,-1.5378872812901,-1.6818981686647,1.24605020380213,-1.89317787517906
"TCGA.AD.6890",-0.409220974859493,0.136316182172037,0.608665654040097,0.534198190797594,-0.520147519876558,0.140384708727827,-0.638575013320201,0.38609083981035,-0.839625781145354,-0.8402548435585,0.112308570105895,0.846954348040995,0.0615490307900238,-0.582705042687478,0.45424822302529
"TCGA.DM.A28C",-1.33880877337825,1.40064814303347,0.156255791118395,0.900742434157424,-1.27997148236486,0.837085908729787,0.817764492085306,0.770045836748284,-0.920226778966306,-1.3356534631547,1.25700860945774,1.25535549498124,-0.808454858951948,1.05598570846194,1.44082877379678
"TCGA.G4.6303",0.552995744743329,-0.38066831838156,0.125482866429937,0.237034510001252,0.160774984064729,-0.656985604205043,0.405684307534145,-0.271555811096539,0.636967076062109,0.581869666301698,-0.0316153639336135,-0.70686076027773,-1.13125109752445,0.624255597649201,0.348917447823851
"TCGA.AD.6889",-0.698343225452745,0.198504158548389,0.474106336149827,0.645906716665185,-1.03593688689472,0.867808022556116,-0.117814737508718,1.14843253700433,-1.07701300663381,-0.956319882636832,0.880154592769228,1.14263558327172,1.67495597699345,-1.0043728790644,0.877779676514239
"TCGA.A6.2682.1",-0.882632011480552,1.43509729320575,-2.61055955048952,-1.64306027876038,1.25587876111368,1.11725329759365,1.7641885222414,-0.249864053744495,0.752624445635544,0.809261124774498,-0.483113178578644,-1.02211864363401,1.18506000871852,0.630017985970412,-0.719912052393811
"TCGA.NH.A6GB",-0.447891990349236,-0.26729027979818,0.745761063201356,0.687472406513535,-1.00276458248606,0.127284608911891,-1.02568129904034,0.706347019911748,-1.25061171713095,-0.88811393441778,0.00553760738554397,1.23477246988407,0.607981660020956,-0.792506435992055,-0.0984869520653962
"TCGA.CM.4747",-0.160907918715659,0.21869961254855,0.253949364265752,0.222126298247116,-0.204462211976351,-0.265767428892075,-0.0135350778538978,0.0319366155954067,-0.00493942499549831,-0.174867505922678,0.110599267820675,0.322417307226139,-1.13443029841464,0.568094404595131,0.182855643537626
"TCGA.G4.6293",-0.467277254069305,-0.007114252099836,-0.103609850633998,0.0148293072541063,-0.372759929865478,0.478292889689027,-0.119167181275499,0.346801375014989,-0.266219929262446,-0.203743452154621,-0.00389555231028155,0.365067675449321,0.70619438817253,-0.154154018991296,-0.19172206152
"TCGA.AD.6965",-0.300566259656336,0.449281780448112,0.393576303391739,0.793121381871074,-0.738656064835426,-0.130852846709949,0.0525066722852434,0.355394462114497,-0.403192852931619,-0.672215313465768,0.232981668012871,0.488951553458382,-0.625068561458744,0.537156018376048,0.514412073355774
"TCGA.AA.3662",0.182672029659517,-0.404318314370648,0.33426903932046,0.174182527307202,0.118054757542181,-0.110756432485961,-0.366401362782412,-0.0512387521347102,-0.0820036181614381,0.204524554566159,-0.232430173803862,-0.085419046730877,0.0821301163504556,0.1127713982617,-0.363523989536797
"TCGA.A6.5662",0.750338447719741,0.562616447834831,-2.43511238054346,-2.39368672109216,2.23263160154675,-0.921529611530002,0.246370481997218,-2.05288386932023,1.86763873153213,1.28096171673912,-2.37573893994729,-1.27633327134865,-0.161963313929438,2.19964648870239,-1.9627089232965
"TCGA.AZ.6601",0.324683930504192,0.591417451358921,-2.45626581832671,-1.95823066082378,1.64232300509598,-0.547810459397374,0.224095313230753,-1.44489541612367,1.50279888552351,1.02850543760772,-1.77503095024502,-1.09060575930078,0.0966365030214673,1.72016578899341,-1.05218563331162
"TCGA.DM.A285",0.132755651841921,0.31269838483331,0.315660060081423,0.66105651536515,-0.413120750155825,0.0868882914296503,0.652053825002906,0.182186037893076,0.20904876969896,-0.293439316526424,0.702041347940444,0.0228195770368404,-0.6430680207215,0.984846355601045,1.47897251195413
"TCGA.D5.6539",-1.00447264273958,0.965850792869572,-1.52074526015099,-0.349282011102141,-0.0906759129136292,0.918536492065188,1.20428136059349,0.527217148198457,0.0278816490078322,-0.0300818260717403,0.181332500589428,-0.0858099492421627,1.03543667563877,0.293200766263245,-0.11196305422365
"TCGA.AD.6963",-0.154606658446471,-0.513612556958837,0.818151919427589,0.927664573261889,-0.488950424490301,0.568310286866954,0.300895275019344,0.890531703381185,-0.830937754326353,-0.240899734624311,0.865884411164211,-0.0551599302813973,0.161416599097326,-1.56814691435598,0.807969007653936
"TCGA.A6.5665",-0.997395670003943,0.3792562569108,-0.147081967280501,0.526238832760775,-1.15846917123348,1.57268787926516,0.100825054040989,1.52955114625309,-1.31459117322416,-0.844688086636523,1.27066070781943,0.99602888708873,2.64802993615348,-1.59757137363247,0.636388491370957
"TCGA.G4.6310",0.347608577604001,0.622059176520535,-0.0287169160514725,-0.0877567002333937,0.279447100694114,-1.47531298059666,-0.817048956704194,-1.16180218931547,0.330406381060238,-0.749010632104419,-1.47960401428192,0.994323835275795,-2.28926657727713,2.69781210745461,-0.497275465054462
"TCGA.AZ.6608",-1.64515605467305,1.32984645585375,0.685967808465646,1.87447580554451,-1.7220586107425,1.62649419662878,0.864074448725804,1.81412760830661,-1.93394398836532,-1.95498557982982,1.63048008842986,1.63418128704184,-0.146643064620619,-0.0552403302339593,1.95794971133529
"TCGA.AD.6888",-1.70553638740552,1.3907021477598,0.438202026609183,1.43913439045801,-1.47525116238106,1.80151536703346,1.59566625226215,1.82012053099792,-1.49738583389386,-1.6396096405719,1.63606964815937,1.26676386560825,0.252337425506329,-0.0175008974074381,2.0110029263007
"TCGA.AZ.6605",2.2814823519454,-0.46054565855463,-1.50196667413414,-2.5591670038297,2.66956974611138,-3.42619461061302,-1.51923748958489,-3.68945987759185,2.37801090951667,1.15247272532534,-3.77134210820058,-0.976120098064393,-1.82684544689069,3.35743223852941,-2.33607171545735
"TCGA.AY.6196",2.65646428392922,-2.51292091074346,0.486487371467801,-2.13194856383253,2.3473094859725,-2.45763868928977,-2.83451855998288,-2.61401686705683,1.81261108600144,2.21549043620585,-2.43447655030789,-1.4658307148154,-0.374346243798881,-0.218868837149405,-2.83270470949749
"TCGA.AD.6901",1.13977428304574,-0.981220597147692,0.73523671927973,-0.511159100402143,1.13067769257613,-1.61520215951733,-1.2276529900116,-1.05781012105468,0.867728418418315,0.930162371999271,-1.26698613150544,-0.467366592618205,-1.59958783697681,0.51094573106833,-0.774441083101682
"TCGA.AA.3506",-0.151082839804639,0.00448239138547069,0.210851362257717,-0.0235427105960506,0.202098573769,0.621194337043533,0.774828781026241,0.120033387895445,0.146952354511456,0.196794575813251,0.141054599021407,-0.461691009988453,0.338956914556069,-0.116899479362837,0.357528942558519
"TCGA.D5.6898",0.898927945238743,-0.750663897350792,0.349027415261431,0.00221548247581463,0.327502687945091,-0.774236193357152,-0.0508231212919686,-0.583679152897652,0.669759920147817,0.671360571320614,-0.0419974786676177,-0.950593054251459,-0.521267160429135,-0.124374417929112,0.04862252036147
"TCGA.G4.6298",-0.0483780215047924,0.132627275008536,1.11051264727661,1.1449233363075,-0.894876060918982,-0.653339822472012,-0.970768048749822,0.285807655321883,-0.751466884956991,-1.16837003513619,-0.0632758818236592,1.21444298301804,-1.42790817067242,0.358745400488047,1.00524354173165
"TCGA.A6.6782",1.00553240643983,-0.832398461453257,0.584346078198576,-0.349326447891386,1.12897378202683,-0.857663731800281,-0.31552518602334,-0.865059372566173,0.972578921609828,1.14248104471566,-0.752442159027007,-1.02542627543671,-1.56041870340631,0.298544317607442,-0.585917320451958
"TCGA.F4.6807",1.69867057098273,-1.617026448867,0.378807054351578,-0.87511607676851,1.14136594450772,-1.52077360972837,-1.41403568508991,-1.45106578406481,1.33544100637983,1.3647130889916,-1.38674426816771,-1.11040249307001,-1.02027373732747,-0.0536693438043899,-1.31932841601545
"TCGA.AZ.6599",-1.51855990928996,1.4056645823361,-0.604557505004956,0.300491690522146,-1.03219199316786,1.53014693509443,0.270593080773373,0.962819875093923,-1.03540828306608,-1.27466460014674,0.740900479606518,1.48354955386549,0.839659123566609,0.944699751102622,1.0516571813795
"TCGA.WS.AB45",3.36318859160241,-3.42163214730841,0.722514567782196,-1.54294896967195,1.70193574187944,-3.34821915317466,-2.67094082455914,-2.6094393163539,1.6954295272592,2.41554764551089,-1.60075135252104,-2.06003898646209,0.159700784719442,-1.93399233171341,-2.24381055068217
"TCGA.AZ.6603",1.62057017216993,-0.909128518833121,-1.46085974363794,-2.23691321688418,2.33411985727147,-1.46594174625376,-0.633407921466307,-2.31689869010054,1.96028658459896,1.67915751823977,-2.36792204992073,-1.69021341602982,-0.0347910848724259,1.29273523874824,-1.66033666700948
"TCGA.CM.5868",0.198716549934255,-0.0293757747863267,0.67137057214642,0.742191314598527,0.0145379596628315,-0.0554276205640346,0.564792486199644,0.226159788608812,0.144795238656982,0.0970705908563654,0.604528102788952,-0.389598213971464,-1.12528174022568,-0.104240380311359,0.733482957706857
"TCGA.F4.6854",0.432958102095131,-0.308392470345155,0.225997935701468,0.259710835491566,0.353486054014089,-0.244033106140954,0.720619829105913,-0.266546343722294,0.468883289420812,0.513373141277607,0.119143870494088,-0.843112152313285,-0.866576211294427,0.129950059185,0.653071530076868
"TCGA.CA.5256",-0.844215254197881,0.861074922624869,0.749292136852715,0.96488914707433,-0.696564621051248,1.12294045646396,0.485336167982965,0.675924071287589,-0.926129023922767,-1.04482600469055,0.882996102131269,0.793635846195684,-0.368721550918733,-0.518571769714577,-0.237950139726814
"TCGA.CK.6746",0.289170286989385,-0.734523448007219,0.926617345137845,0.355666985607416,-0.878516731625396,-0.0381963375734729,-1.36307387024578,0.250685679446001,-1.15745900367959,-0.490167125850311,0.84800074029873,0.756308074389029,2.37808461176289,-2.25350717318097,-0.439675092576661
"TCGA.A6.6654",1.93135515637185,-2.05476348364795,0.63683095692734,-0.74206723737454,1.1452212533214,-1.92886937623047,-1.51797629856533,-1.3467145081861,1.31553639413431,1.61984430991394,-1.28576872360634,-1.38687916316066,-0.697848291566315,-0.870048645652904,-1.13496405101666
"TCGA.DM.A1D9",-0.515508722672128,0.504043869543567,0.499878206781535,0.937959872176005,-0.874855649904655,0.727293330925845,0.986577976983901,0.81971137283931,-0.500413365353645,-0.499959616080156,1.45783470431503,0.329950856082412,-0.541161518264324,0.0893946092415066,1.26869261862945
"TCGA.CM.6679",0.919216350897585,-0.716926820533187,0.275476754629894,-0.128042539817192,0.723570685527191,-1.03543745540868,-0.175518258265844,-0.729068064632447,0.866687803913101,0.983125967179502,-0.353464760054224,-0.928526959127928,-1.81393980393847,0.190542033785715,-0.248040819316309
"TCGA.G4.6317",-1.37182115654988,1.45786376719086,0.487035269948928,1.34564680121264,-1.03531217123761,0.361144758542256,0.173116613409624,1.12296477306684,-1.22578395212272,-1.66431172191458,0.509606623306148,1.72325827306554,-1.13212981726484,0.800761722080755,0.950952506427383
"TCGA.A6.5657",1.90407277755125,-1.74080837428479,0.432124765573163,-0.354156952529794,0.989084516455734,-1.16975087118165,-0.437213937974313,-0.903896059353357,1.2838558571153,1.49196969874084,-0.546958974987577,-1.79459977623094,-0.669486153053568,-0.664569887950779,0.205038356179389
"TCGA.CM.5860",0.45280226599873,-0.591974139391932,0.634775726183572,0.0130048025516508,0.0497285088232887,-0.862997670883177,-0.569185700531902,-0.149220622136039,0.191858569516508,0.23026349296084,-0.383150236421382,0.00988472137260864,-0.537154105941759,-0.559920201305336,-1.14339062374746
"TCGA.D5.6538",-0.696607516593611,1.03239536525579,0.245806105950081,0.892295736852495,-0.949039677330977,0.185606302195583,0.595876941424449,0.30217169575187,-0.573392967702003,-1.14254391176431,0.654415364681044,0.903850616262742,-0.762399033834628,1.59967404001958,1.08618922417151
"TCGA.D5.6532",-0.994601502436435,0.844189629676187,0.765029431586168,1.23575511462634,-1.12212235869879,0.475298774888426,0.601260880413691,0.790665021330626,-1.04344483473046,-1.14586990079275,1.12858816848189,0.892775547250814,-0.943646839750168,0.242113788335325,0.962721628712556
"TCGA.G4.6586",-1.24713437986391,0.388241390255036,0.351148266043662,0.9641132337468,-1.16938548019536,1.51325703210202,0.257124417649842,1.90006412030153,-1.86026564464119,-1.22267656541725,1.45362213334937,1.16121088760171,2.50969503151316,-2.13759963282468,1.14440382278694
"TCGA.D5.6920",-0.491299506371298,-0.0122565843036806,-0.885357393332318,-0.16253150189352,-0.111784915225601,0.97113773058412,0.834017759970333,0.566468600549515,-0.0407299622040151,0.258119351217988,0.493030953066295,-0.414591656297234,1.40325925912454,-0.709321353708025,0.579694542693255
"TCGA.AA.3662.1",-0.264254175664572,1.32359620679791,-2.55420743513756,-2.05547824302722,1.7875609706025,0.20123708040037,0.787538275056541,-1.26469159558494,1.19210079255764,0.828624751656032,-1.38976114623179,-0.784009260924519,0.508033301355499,1.88269541604926,-1.42506427544613
"TCGA.AA.3697.1",-0.594189402083004,0.137797489217584,0.176200925515117,0.443220562373431,-0.544855281420538,0.290181617526504,-0.526641202695602,0.447327575632586,-0.832196203348801,-0.777100165956449,-0.0856399069131072,0.833050437476232,0.306063441713245,-0.511207851681206,-0.180580756928883
"TCGA.CK.4951",0.988167231663428,-1.58047974213621,0.486424476552431,-0.187069519277269,0.217114205341337,-0.300800270310072,-0.326499364607817,0.126656287752853,0.50123282771728,1.11024083113255,0.312227047674644,-0.979105889914353,0.970571050865279,-1.97112440396892,0.00426962596135609
"TCGA.A6.6649",0.911707160268703,-0.780759225666323,-0.799169056008832,-0.812130859426453,0.851375788981824,0.091504398190819,0.779943423792617,-0.368107609367985,1.30857963127669,1.46535450934464,-0.169139913166082,-1.60689370378131,0.562660733046621,0.485543647740684,0.48308385797515
"TCGA.3L.AA1B",0.466967899653643,-0.244179917485358,0.193394051009853,-0.267808745600283,0.368799370197657,-0.418292840165081,-0.235459368450252,-0.936867395411449,0.625271732899798,0.455215033594433,-0.472307457936579,-0.327808564031404,-1.11025525512787,1.44149407726169,-0.0797440268086396
"TCGA.G4.6302",2.47202865911038,-1.86605496475956,-0.0900621302319251,-1.6846302819097,1.90704775597488,-2.58475639539005,-1.64790719228907,-2.31538754434657,2.15885606670723,1.69494995285871,-2.47249596621986,-1.37624841374279,-0.466486045748715,0.939349952884649,-1.38461225153182
"TCGA.AA.3534",-0.602919159186159,1.25106581060429,-2.48979962156553,-1.78465382242339,1.44705507826621,0.601620529514629,1.09631481080004,-0.741560529870623,0.873166470360243,0.800949527685281,-1.03703773752281,-0.898367296552535,0.83322759775925,1.04446185595933,-1.2906613389016
"TCGA.CA.5254",-0.0179924018223271,-0.170430867157602,0.367476569825068,0.129146056813097,-0.496814636309666,0.387231627988224,0.432552659571509,0.732361286661085,-0.182844975912644,0.100572855788738,0.99537936999605,0.137954054679068,0.221055447148774,-0.490009321762457,0.558289621234054
"TCGA.G4.6625",0.575711662522032,-0.822311887197447,-0.127823249190474,-0.476301113293938,0.815889653331769,-0.315478539138727,-0.496597482104135,-0.596361077249719,0.47375291165921,0.841310845358347,-0.561936417071419,-0.959425048216909,-0.0160660775294303,-0.734620627704298,-0.650442023134617
"TCGA.A6.5661",-0.994838249978222,0.42946320120349,-0.212924903398384,0.0967045174538602,-1.2948761426121,0.706575755906743,-0.976480710384706,0.880222363813072,-1.21891344620653,-1.13625225522633,-0.0502716857866842,1.79487390694392,2.00298675861598,-0.472477212278403,-0.621872298771732
"TCGA.AU.6004",0.642289591098603,-1.27236249333584,0.162462390016164,-0.378466180766967,0.167585449825452,-0.227998526185254,-0.657203173036,0.0264945750340138,0.0576341124044804,0.713336982235777,0.0378903870061418,-0.517058807234096,1.25531239074038,-1.39847795639438,-0.157384418075075
"TCGA.NH.A8F7",-1.77229539083687,2.12769655480912,0.00796625005208321,1.52238426368379,-1.34427180639749,1.25808488579823,1.52217913767855,1.07051011192759,-1.44287490741365,-1.85674432530612,1.38390014480074,1.44997897429947,-1.06354306249017,1.48949795417218,1.88118297878821
"TCGA.AA.3496",0.885462952678389,0.360001804353906,-2.04856699710033,-2.42496269463552,2.18332882584658,-1.41666390498571,-0.521943401336274,-2.35644056204036,1.76267968260303,0.96379530187384,-2.87040162596169,-0.798193249132014,-0.343097080739038,2.28348581916948,-2.50874294945155
"TCGA.CM.4743",-0.268564741537154,-0.50526304973249,0.565627133883224,0.239333100543333,-0.734570276771997,0.695764139007483,-1.21234956033019,1.06603532326308,-1.2511227830252,-0.722474017528388,0.425634166142566,1.275474253336,2.50579089037031,-2.24570260858271,-0.222544969797501
"TCGA.AM.5820",0.151816461296613,0.183834032738584,0.0816406705476937,0.227159674444099,-0.235328058832885,-0.357280282933471,0.426779052744342,-0.0257574666870451,0.0365936990903188,-0.293922415247277,0.429840926467786,0.00728953863145125,-0.387849205073613,0.0726732797681104,0.242107104582638
"TCGA.CM.6169",0.872410391327126,-1.0078664953657,0.545290442932469,-0.81138118342993,0.548791416889118,-1.92432992135224,-2.57048536450772,-1.49475250234438,0.506077535486942,0.349139889438519,-2.06961150389632,0.526831616640328,-0.878823994196449,0.608202243939488,-2.92573581407124
"TCGA.AA.3663.1",-0.663847216204573,0.133358382920609,0.558015986585898,0.360211003527004,-0.896876453937765,1.04915881079198,-0.109700438092484,0.926604035215245,-1.17964650359532,-0.955053735173407,0.995053353360452,0.939721139554953,1.92414348988344,-1.42790002118155,0.115771051754339
"TCGA.AA.3518",-0.664381434436009,1.73123527581643,-2.79075802781309,-1.95886747352401,1.72252432481481,0.368873456833482,1.86115655892209,-0.836589606398557,1.31742117632809,0.857881093090841,-1.33904712134008,-0.948276580112846,0.400770835934662,2.0571306773803,-1.25411244298556
"TCGA.F4.6856",-0.633685725618421,0.282907857612632,-0.0158464622243659,0.0966572792398522,-0.820271902945986,0.329334001120938,-0.927617994990409,0.56007060257634,-0.869457549626914,-0.931320163303241,0.161601253874467,1.25925954781983,1.53696521548033,-0.428798012020513,0.16604345491008
"TCGA.AA.A02Y",-2.2599795848728,1.50418832404984,0.0503136274347529,1.01287624443067,-1.38373463927995,2.403999893467,1.36890899950125,2.11613822406427,-1.79830144622645,-1.69295126497782,1.63920617219098,1.46218069282299,1.3503023366833,-0.83575933040954,1.34642642352133
"TCGA.DM.A28M",-1.59099540730916,1.27434243082393,0.481928819014369,1.42817339556445,-1.45580054451142,1.82713322910466,1.49303159096321,1.84346951401176,-1.43772011461523,-1.55624825096399,1.96363628519132,1.21860579470157,0.431495001633439,-0.447276603518615,1.98226171778349
"TCGA.G4.6626",-0.781942638672149,0.538431168766661,0.807565865547416,1.56975205461428,-1.27943411453545,0.749368378648483,-0.0864723631802244,0.845116967454126,-1.19165550486297,-1.55771963429801,1.05822181087185,1.09830211896448,-0.138352291522233,-0.337604267410006,1.65485238334176
"TCGA.A6.6780",-0.400237742520433,-0.316813303989334,0.744896241399789,0.183749144827844,-0.49380640969925,0.663436087512587,-0.506972055531538,0.618781162069396,-1.19771304642256,-0.466961546982396,0.959518845800228,0.395038506919582,1.87137637240816,-2.61375677107685,-0.246522258060923
"TCGA.NH.A6GC",-0.259976447270567,0.403313167630482,0.0553305557927004,-0.13954629316719,-0.331379999516608,-0.478200379118615,-1.34776550297023,-0.238335014654093,-0.217794521248133,-0.565668865044125,-0.565633662796109,1.34239146265383,-0.382257767650695,1.18390509543108,-0.151247551106598
"TCGA.AA.3495",-0.649837351482987,0.346654720109225,-0.00593365370039436,0.317108353834484,-0.292884713639873,0.891792390612053,0.449226909260048,0.629151539091072,-0.380346265159742,-0.324048656505247,0.47057966136086,0.177964009872685,0.370367607920715,-0.428255547299756,0.196589035655428
"TCGA.CM.5863",0.236864643920319,-0.152672520018641,-0.271402293363593,-0.582361718924596,0.484453114408345,-0.167355090403661,0.418777929718254,-0.0417731240727298,0.790567538263374,0.641380263795837,-0.462997968915724,-0.462848494868093,0.45058472149465,0.548930639876981,0.0631353812212397
"TCGA.DM.A1DA",-1.05662138459216,0.788867569756931,0.701000764785163,1.64305902684731,-1.18705642134786,1.03478448612064,1.1908237403769,1.73232140749586,-1.70612465082079,-1.31145870798146,1.83168748658019,0.774156026604932,0.963225289944358,-1.1456050114433,1.79115081737214
"TCGA.A6.6781",2.03332034308772,-2.15560565563248,0.802351809638648,-0.935002146537302,1.08411857749048,-1.53083351463175,-1.56455223088682,-1.19800060653085,1.32930011736599,1.54928157590652,-0.864584494805648,-1.14775804729618,0.547290059894967,-1.29526897014056,-0.703438463879619
"TCGA.AZ.6598",0.48964890018596,0.573649547934454,-2.26294610265528,-1.98056069637341,1.91486070855068,-0.419415286715608,0.684025253518099,-1.57199880440211,1.70336429874792,1.2279038722902,-1.7447053869342,-1.36661387840895,0.00980561874263007,1.88291724158078,-0.796402488562797
"TCGA.G4.6628",0.998325751241028,-1.57679255397404,0.533728326839606,-0.533135522246762,0.450590081586633,-0.451124953945222,-1.22303386010626,-0.345253278301032,-0.18702952145264,0.728600365038779,-0.116866688143874,-0.653334309965424,1.70784454837693,-2.43738449974999,-1.04013582850561
"TCGA.G4.6627",0.855355659994307,-0.706547020653825,-0.64517229223276,-1.163689451991,1.15211881880538,-0.61248975718767,-0.311865775148524,-0.918138508553206,1.31452556739949,1.19313732150109,-1.21937046169129,-1.04426139101542,-0.0700254360438036,0.513786629006558,-0.926673321460242
"TCGA.G4.6588",-0.0658238077652241,-0.609288454087398,0.618288837234168,0.471960398628064,-0.982350296657585,0.303479497785957,-0.781152588893532,0.955309479366471,-0.945450750341063,-0.464026324784284,0.573412805904006,0.74511725577413,2.1354061056763,-1.51628183495895,0.715030954441728
"TCGA.DM.A28A",0.0546618091689244,-0.0108670826590605,1.00529749872002,0.928165570705708,-0.749360101226942,-0.343984316458818,0.0524031154777366,0.187431168048341,-0.238180632610686,-0.4621373206187,0.596826718194987,0.302102506207145,-1.04238687024945,0.00673957524669649,1.10484696093019
"TCGA.D5.6540",0.367886838935432,-1.09072127321435,0.798690960533207,0.327014781006903,-0.763354012870622,0.107851423632045,-1.06678373772555,0.756058083213765,-0.666575362458147,-0.121971570316697,0.588326672183656,0.53449732695118,2.42289392573542,-1.9799345642122,0.519652700415051
"TCGA.A6.A566",1.59934485557449,-1.70737322230741,0.611985419070981,-0.896927640239418,0.962234360836094,-2.03761362182694,-1.80012506974916,-1.33693124042454,0.915305031890458,1.31809667061081,-1.35003303083956,-0.744868510645736,-0.141465759738696,-0.907812916903552,-1.62273749827506
"TCGA.AZ.6603.1",0.497880063951056,-0.386475206300688,0.0815201401125729,0.123048133863953,0.535445204829418,-0.409703740653304,0.415368165862315,-0.417966559907497,0.579950884203819,0.71003117833474,-0.0452270554530617,-0.909162191456972,-1.32183791527325,0.277081324095374,0.0995343159039692
"TCGA.AD.5900",0.648428085538021,-0.916823192065701,0.367591161879579,-0.276577264298901,0.223724499305341,-0.308928447595528,-0.935412971893399,0.00524196833128926,-0.11277818139763,0.287455711279858,-0.395761346449709,-0.0923510471754795,1.30996462557407,-1.05279126502074,-0.473250993775023
"TCGA.G4.6311",0.315909073947614,-0.542926449809925,0.290179852082424,0.0173760951618988,-0.147544297086108,-0.464914685565499,-0.812039313317206,0.0128115175790061,0.0463389246159936,0.199398520986681,-0.277621043831026,0.00962367061336716,-0.265622385409953,-0.618571456411313,-0.358693604298923
"TCGA.F4.6808",-0.999854798701995,0.854831715370957,0.873371696057573,1.15084865943719,-1.01554189610727,0.545857400659052,0.0204479393147218,0.743649919054665,-1.25886369695355,-1.69032320600608,0.538507782679851,1.52636049197875,-0.492175972743036,0.332535898844248,0.899861871330499
"TCGA.AA.3509",-0.101916102064667,-0.119091675291238,0.41950792313291,0.430345613299099,-0.186659575441326,0.456795491668815,0.397047174603994,0.282600397894168,-0.0911720733828832,-0.00432765987665371,0.389055613214205,-0.193573946831457,-0.551423752819459,-0.0988455561647986,0.145304034432426
"TCGA.DM.A28K",-0.863573858098544,0.591022983836072,0.479496869166658,0.896899841604457,-1.38356004124245,1.20081260978219,-0.162048542520363,1.07412403205856,-1.31217192446269,-1.49453734671808,1.15018017037173,1.42478048576981,1.02293010145103,-0.0825319990681144,1.26323641719912
"TCGA.F4.6459",1.15977652882485,-0.485545919347236,0.00648430411856815,-0.477448784553393,0.836180930158306,-1.44483378846286,-0.0688865149215011,-1.29128555606729,1.41770714822737,0.83877853564555,-0.892698385925329,-1.05501001465616,-1.37797622950439,1.24336086379166,-0.278803225460117
"TCGA.D5.6537",-0.56670163799205,0.0101682466979757,1.06652866133538,1.35466382954094,-1.37501856012795,0.872821284653002,0.0333464124140264,1.13825964899209,-1.10685555285065,-0.999465509866987,1.21243567242153,0.870923227884931,0.36323891288963,-1.21242562018673,1.06806268199835
"TCGA.AY.A8YK",-0.913004099420109,0.829732071495593,-0.174988773009528,0.699024943399655,-0.458160486462141,0.787972065131255,0.744703591958406,0.675540678462551,-0.498631368209312,-0.601083953837883,0.458716812745187,0.467941453072054,-0.463656194825103,0.670985250801404,0.867116948710752
"TCGA.AA.3531",-0.896639721859067,1.74822789792703,-3.04906370812744,-2.05127354297114,1.5351451458821,0.944023428331454,2.28609043403076,-0.324407025113328,1.2181482486609,0.901516530540163,-0.772472461121929,-1.15435572276931,1.14848053839513,1.32012459899476,-0.864868441811518
"TCGA.AA.A02K",-0.836974757648411,0.74869706068246,0.724321178432557,1.28720227183826,-0.941433263775347,0.778231674195188,0.452253635550425,1.11574932605963,-1.27393014417435,-1.24668702299926,1.21921122402959,0.834129023150274,-0.10161080618939,-0.117152766078245,1.57304951083424
"TCGA.CM.6168",1.61017079326011,-1.48424472777302,-0.153688920575919,-0.962352948108809,0.9298944320727,-1.2929295777061,-0.623315853356016,-1.26095330141659,1.43230858625278,1.6011727646444,-0.983970605462087,-1.56396696795901,-0.282309993464921,-0.12471226090964,-0.874774350167147
"TCGA.A6.2685",1.31770025296498,-0.899612551593891,-0.371666749087037,-1.13183266878839,1.66751288768077,-1.17312907125483,-0.137244445518153,-1.23577712267299,1.62711405897427,1.56531530403522,-1.39213342660801,-1.59863349182843,-0.699422450921479,0.632896169719993,-0.719880020373173
"TCGA.A6.2684",1.12272111274701,-1.15528839934168,0.49612589054774,-0.277473115169477,0.711252042261191,-0.921977423881033,-0.720915832842619,-0.623448819938206,0.675115061841947,0.922312022918348,-0.672338826208753,-0.892820153872031,-0.890178986364257,-0.38690026189551,-0.571936391398255
"TCGA.CK.4950",-0.282979061949806,0.0396961385300115,-0.653323302990063,-0.405445344587552,0.32033349124182,1.02963337200679,1.54597861143205,0.550383942855888,0.339707681797084,0.596193035942234,0.588511725545006,-1.10502562222414,1.28415983456355,-0.970200602755341,0.579205601997674
"TCGA.A6.5664",1.533104348458,-1.48432104570436,0.223631365428745,-0.834765930646911,1.03137874347003,-0.924859512872473,-0.836047502029384,-1.30745499328453,1.42327875196931,1.32548540300578,-1.18159204846252,-1.29586011503767,-0.25400723799388,0.255004886614802,-0.524361215034803
"TCGA.DM.A1D0",-1.33952554452616,1.41057536768502,0.411998624091286,1.4801927123736,-1.46385474615613,1.26607360866677,1.46561701194327,1.42609911237628,-1.17096677449387,-1.38287631162163,1.86552884569929,1.05851349946046,-0.427736004729324,0.435236518456385,1.90673756883062
"TCGA.D5.6541",0.756266687330935,-0.955157338879768,0.594568382270611,-0.154384205578755,0.521148205778373,-0.564591381885038,-0.0371165585725475,0.0159470874710935,0.558910111281331,0.983343317050381,0.102928236906513,-0.938672406226651,-0.773021750122328,-1.11709499683445,-0.58005345843748
"TCGA.D5.6926",1.0706100623368,-1.17058465025957,0.767587491587377,0.230351715723557,0.242895525749471,-1.29902454185119,-0.808362157367619,-0.495381611023367,0.447021589433249,0.685920791138305,-0.279437223955062,-0.533109448981097,-1.19469853758665,-0.398575861889216,-0.0567561604203114
"TCGA.AZ.6606",-0.886114540584804,0.44215353565188,0.035205629846097,0.852581939281756,-1.18168692638658,1.12024588029717,0.528861776119368,1.37303697305865,-0.819426841980382,-0.722201216990038,1.03450910922272,0.712181711240208,0.726055350941413,-0.298447695986364,1.07405934905234
"TCGA.AA.3526",0.121950764076129,-0.513655120839771,0.9309457398131,0.445662831970377,-0.364781715870265,0.586078206356856,-0.0382910185376624,0.309228436120441,-0.27829986803685,-0.0170115155586237,0.651749913340021,-0.0734432324979039,0.22903874182486,-1.24577081196177,0.0246265857736634
"TCGA.A6.2684.1",-1.53428351985699,2.17747214392295,-2.69455750453398,-1.54567866827744,1.12059566616653,1.39526012417815,1.96630254925393,0.106071165320289,0.300544746744319,0.226406307469876,-0.494658182353003,-0.337843394326674,1.23938705416296,0.758991213837377,-1.06041922418913
"TCGA.DM.A1D8",-0.606362972332897,0.601674037857172,0.652075787516966,1.1335927584766,-0.828592834838483,0.674718033007594,0.891168031962016,0.898708957468675,-0.938611069605821,-0.763579755376677,1.57404670307972,0.566656623471397,-0.215582209186395,0.0801396247520553,1.54642103638825
"TCGA.A6.2675",0.401054938968921,-0.2902164935218,-0.332899102036555,-0.723249889494322,0.753806331469174,-0.80123571605035,-0.272314338973661,-0.660459928163845,0.907896791970666,0.840256993174633,-0.935634211942431,-0.52795655828701,-0.423089399839659,0.555404491444404,-0.826611712021167
"TCGA.D5.6533",-0.10480701623275,-0.127655902905953,0.560593352120923,0.779664139368124,-0.531556549543168,-0.137011895155318,-0.136069690575832,0.126492444197189,-0.472475584784774,-0.508717593800284,0.329055679819731,0.367055588589893,-0.670555745485378,-0.537334154196242,0.0362281675478417
"TCGA.AA.3712",0.0194495678412877,-0.188216007256574,0.410450215753139,0.652683575619278,-0.471678372833696,-0.257157875414611,0.325690223040276,0.303480731716845,-0.12001447460465,0.00124430684801301,0.323676230150556,-0.0593837860991697,-0.489228490633788,-0.13902804332373,0.528065351545189
"TCGA.AY.A69D",-0.249364468702953,0.182608730785383,-0.254472508841731,0.256774816305041,-0.780139632495036,0.468721622334483,0.49114368755354,0.162986038746207,-0.0342783507464106,-0.0699914215815831,0.851099170239455,-0.0801612470846406,-0.222008690515107,0.170775386999451,0.905883825638997
"TCGA.D5.5541",0.695570516412179,-0.653095407760273,0.823132986730073,0.301614658937537,0.167291025510073,-0.465571866933743,0.283264604221917,-0.434659549664677,0.304290711876148,0.512830525351881,0.610723201632086,-0.788277729488549,-1.00131732812999,-0.570945166794394,-0.197794236328254
"TCGA.DM.A28H",-1.01924043808667,1.22349312502792,0.582539709996878,1.31069268876657,-1.21196506212912,0.862195196435179,0.856645840412196,0.823855597986375,-1.40564082823371,-1.56867807864299,1.47923347016846,0.921498357477784,-0.256465004322582,-0.000351244691096924,1.133916299695
"TCGA.G4.6315",-1.4710503953137,1.37779827366711,-0.292421161135828,0.851259007363875,-1.04339521074754,1.09904688117593,0.692688856636186,0.913565115070611,-1.10826630952106,-1.49362959805498,0.689357775554419,1.20743901550809,0.264078667652483,0.418169651634972,1.02859803814439
"TCGA.T9.A92H",-1.1326359856135,0.945374103384235,0.148684769785724,1.18914263930568,-1.17286946502521,1.04708834934251,0.686102490676451,1.26943069331076,-1.14354194589961,-1.05010627877684,1.18003572490724,0.959332074427306,-0.109522075640193,-0.111518017380208,1.2682209376345
"TCGA.NH.A6GA",0.115441469369247,-0.0835821788796802,0.163264759352674,0.305887897342843,-0.195135067375427,0.0588982787919458,0.736276165098109,0.335510749761286,-0.0121651649650091,0.128112404741347,0.503085325374596,-0.266920457859788,-0.133351176990551,0.586198328090813,0.801429268707089
"TCGA.AZ.6600",0.551287964740496,-0.606035907862394,0.0430833382580337,-0.184310364420639,0.447547399983809,-0.352104692912578,0.157512295795501,-0.13617241185636,0.563743111859086,0.6561876973595,-0.199153561977761,-0.856104703449552,0.0325538535099789,-0.298597563334789,0.0937355727592386
"TCGA.AZ.4315",-0.303318203195099,-0.148389706709485,0.75270132471531,0.580745567872291,-0.778189325594811,0.909197489096424,0.0479966282323592,0.94144292953857,-0.836504745735759,-0.544692801027502,1.18046338246078,0.4439980178138,0.53165862890794,-1.88025293443532,0.298629553696323
"TCGA.G4.6314",1.59835281381489,-1.05636385113088,0.370800710107934,-0.172917387098772,0.748533945503871,-1.70464159993095,-0.690272173138361,-1.37350528064454,1.14673782294165,0.852996260836205,-1.09793217940308,-1.0228281118325,-1.57474075775917,0.617497399211642,-0.147854825761281
"TCGA.D5.6929",0.291482379530174,-0.296852255412967,0.972782158375393,0.503745210146324,-0.0341396526755282,-0.496422904944271,-0.834673540600948,-0.250214174653565,-0.197580600684348,-0.243234838902238,-0.196917815575797,0.336931983709518,-1.06250930584745,-0.340080904258283,-0.369615422931756
"TCGA.DM.A28E",-1.62951981511932,1.33354052240295,0.270689156272936,1.40076385034602,-1.49551403709241,0.97228426306392,0.711027485383958,1.17334273478179,-1.60336253874079,-1.6874457847116,1.11569668389977,1.68445478055846,-0.707812072563829,0.467057287279249,1.22667360836863
"TCGA.A6.2683",-0.866297073572942,1.65269519658831,-2.6923900595049,-1.64333442901135,1.26847373323365,1.05699059412733,2.3967981280458,-0.361625840135243,0.967259638915697,0.828964683550144,-0.429601342641455,-1.17350535441934,0.856257588479566,1.06262360491429,-1.04709964005883
"TCGA.CM.6680",0.454044184276897,-0.580754088106444,0.0212093582437141,-0.40630436316862,0.33874541908125,-0.111311533250985,-0.308947021316302,-0.366441656398933,0.698406111987942,0.695041379479571,-0.254285924491822,-0.489815940517949,-0.0105615063791704,0.230323349829769,-0.0501169041737968
"TCGA.CM.6678",-0.17833313515075,0.366040449802233,0.300837042714134,0.367075725005217,-0.312370856045064,0.221175536243008,0.564799433802876,0.183766246259313,0.0998722519877218,-0.195465597454524,0.39783393867357,0.124092626612884,-0.788021378647962,0.787117714408425,0.931424012510661
"TCGA.F4.6703",3.01106062640337,-3.29244421864727,1.06550537549319,-1.54996202405474,1.70496678630833,-2.12408660425312,-1.88882547028863,-1.81123473291256,1.84973381681799,2.72390058134191,-1.4954816541854,-2.06697507081299,-0.0479606646713354,-1.44655459162108,-1.8783211202866
"TCGA.CM.6170",0.188219304526094,-0.290583029133574,0.207979991391199,0.299950046185102,0.0521181117450408,-0.372877768322419,-0.0312090240403642,-0.0325273778020882,0.20806272887015,0.328191944266637,0.0493710201135739,-0.253525966922774,-1.07351688593371,-0.108011067674547,-0.217176456629154
"TCGA.AZ.4323",2.77152225768085,-2.04459798861216,0.186891731374788,-1.29791605905367,1.63863684107021,-1.54081447041247,-2.580184206241,-3.12068443389645,2.03116936480008,1.36260929231419,-2.02978578190316,-1.70888104209871,-0.605286085517893,0.972066643539181,-0.861243355972424
"TCGA.AZ.5403",0.284506256136988,-0.149471090071952,0.330184607809476,0.268915998820736,0.189124455392293,-0.174152671510907,0.274254572605505,0.0923658623566082,0.378209601441084,0.161953861376368,0.113673394603397,-0.358794802094309,-0.973680933942504,-0.229561416569014,-0.130269423670651
"TCGA.A6.6142",0.820710187212269,-0.768002344927312,1.0963285433818,0.229071097136134,0.258198632417589,-1.51172615427069,-0.932801573863672,-0.524256172621894,0.597485962262528,0.296933096519362,-0.925302136500285,-0.0104248316876395,-1.20924156789583,0.378939855347597,-0.443496676609079
"TCGA.F4.6806",-0.450018433618128,0.189504703062406,0.206901433091867,-0.25762987875057,-0.160769641222909,0.0372406415575189,-0.752299284723421,0.0740000028168953,-0.197017248439314,-0.360932743008399,-0.49765197986008,0.866115963506644,-0.300519063943054,0.46436637454664,-0.281007495405289
"TCGA.CA.6719",1.14410178631439,-0.926776375553884,0.495390029291044,0.00290742183042217,0.459244311290031,-1.37588763353382,-0.800230051860242,-0.776316900853653,0.787215026293833,0.635551411790326,-0.854038446775716,-0.589797980540076,-1.25875593888641,0.180462139182008,-0.292636842776854
"TCGA.AY.5543",-0.760598022701462,0.120367605769528,0.337498373915042,0.819128126036162,-0.809075687119133,1.49235138390975,0.450915812917474,1.22697966991599,-0.816304907852183,-0.500444679792575,1.23019166154085,0.378977170168969,0.424050148208633,-1.24024411007423,0.50903058101581
"TCGA.AA.3520",-0.695849460046833,1.52025928919786,-2.86552978530002,-1.74176603874979,1.54859872371867,0.999418970989037,2.43954866914319,-0.382530847628668,1.27861574327073,1.16744928571566,-0.50653603964677,-1.56890690810917,0.877696643579157,0.947908413796672,-0.901972876716506
"TCGA.A6.5667",0.300241265808146,0.0271226802071851,0.158367640356952,0.488830801500948,-0.0859028408909637,-0.634035967259537,0.256609343524196,-0.200779143880646,0.229300301578772,-0.120943167140613,-0.0719407758835592,-0.164870712448328,-1.09466642600152,0.51156679329913,0.406945868730727
"TCGA.D5.6534",2.22320303889206,-2.10286552076618,-0.219158581255963,-1.61843652879516,2.16023992407821,-1.8341875691215,-0.726008220102846,-1.57348869021832,2.18392574777725,2.65034628326635,-1.53050766779272,-2.42707365441888,-0.517518595538719,-0.471815816098092,-1.71982532333675
"TCGA.CM.6165",0.263522900347835,-0.0393653414096017,-0.328272849474697,-0.430960207754058,0.348333563446503,-0.678645457144914,-0.142825676225658,-0.670011742929175,0.632289998282367,0.472918209479981,-0.33182613724579,-0.401571968865912,-0.709323350867857,0.547874390396339,-0.726805642860211
"TCGA.F4.6461",0.717652689581951,-0.670392620011281,-0.0890793048572491,-0.74438758536211,0.418630398452827,-0.809462123923889,-1.22344528629683,-0.913920101747929,0.663087433730323,0.598090411827377,-0.823419536773207,-0.215068014993175,0.170867522081338,0.215217941848199,-0.790125209754909
"TCGA.DM.A28G",-0.837464913379185,0.978314185341549,-0.101213343163186,0.483514127364171,-0.696355530754631,0.796507887950465,0.562565985588434,0.55849555359719,-0.405213323731092,-0.70357992257889,0.587467499730784,0.652693326902698,-0.332103703585962,1.02538255848995,0.802024461576143
"TCGA.D5.5539",0.482367585343785,-0.418891804391122,-0.0754379284988365,-0.388098455637847,0.307812865697661,-0.210794200253769,-0.192802085253489,-0.281378750592565,0.68749613673648,0.540563816903568,-0.210624955460456,-0.590305678997672,-0.308960606774149,0.201747417436529,-0.213699662226699
"TCGA.AD.6899",1.01111845080568,-0.948318811470355,0.115185622560643,-0.362097463835298,0.779296274758017,-0.518945472429546,0.131890836921467,-0.527268755035124,1.09790382969606,1.31116608765326,-0.0754525837937345,-1.39616298871684,-0.544790738824006,-0.215735000233683,-0.0503580913060634
"TCGA.AA.3685",-0.0891470018574252,-0.284224679724899,0.734902372031974,0.321580419825935,0.0419334902950335,0.791708034479765,0.0261926748906573,0.435253842098644,-0.407043231998645,-0.120656554411264,0.529492817663462,-0.157290153018654,0.0974524040924509,-1.53520408339142,-0.315910563038438
"TCGA.CM.5344",0.344085829649349,-0.139308297335834,0.29488483128195,0.248343183720979,0.0120565546015564,-0.759096490459917,-0.383450241772923,-0.220476883184721,0.2601553102478,-0.00153510168869598,-0.271255792991,0.0164993911438247,-0.998055424776435,0.0840568538919846,0.275744756589105
"TCGA.CA.5796",-1.65451651776086,1.25696913255623,-1.26592330559946,-0.31318170802441,-0.693406522201141,1.44334770944953,0.375954518557461,1.01152083674708,-0.699146073853694,-0.832992324641207,0.330957426811922,1.34064489626304,1.72213069873303,0.203661035074451,-0.543068527288964
"TCGA.CM.4751",0.268765436773459,-0.502975374016896,-0.351616614992642,-0.419284359678186,0.279104272030931,0.122611562045444,-0.119488493694362,0.201211824516627,0.260721863249146,0.544139993363738,-0.163004984473918,-0.418909933260872,0.949566941836184,-0.379300489137312,-0.0423739795068625
"TCGA.CM.5862",-0.333663345393485,0.663926689946861,0.968008814668283,0.803792979188621,-0.626406333487136,-0.368071440453876,-0.316110509025989,-0.136149877921713,-0.576081815802706,-1.15535512707008,0.00121971547524659,1.24011848247016,-1.47944950318044,1.10238425911297,-0.779670117676115
"TCGA.AA.3655.1",-0.0435055196472,-0.318121161744745,0.25487184407501,0.301732350256618,-0.466590538678546,0.0768013188213247,-0.26607027244873,0.430100526684623,-0.11456336611395,0.0623209609928639,0.494811800012899,0.113641745261399,0.525204926087885,-0.535179201007767,0.375215845430556
"TCGA.A6.5662.1",0.131100584489434,0.258968997666276,0.554659549522036,0.573710590035121,-0.163642649422767,-0.504555105508511,0.348919553756565,-0.121291844104466,0.211015294102511,-0.216895636327977,0.0889768697629536,0.232637007883157,-1.67324532717369,1.16214616671227,0.206468283696745
"TCGA.AA.3713",-0.611659929769439,1.31782463498568,-1.989345142468,-1.65374779096645,1.34990924694562,0.896459207666211,1.18059283250514,-0.497993342052138,0.471164092917503,0.329857387473559,-0.842699370860346,-0.54845307527926,0.763251893589131,0.398139939553051,-1.77557015803968
"TCGA.CK.5916",0.72390164409519,-1.2295164371712,0.622860225509751,-0.281649836053432,-0.123719974521985,-0.696679456591199,-1.2543388988276,-0.262672356715329,-0.110939709186292,0.32792930405562,-0.211914838048164,-0.110625456127653,1.15675096473819,-1.65071929804026,-1.11316373891135
"TCGA.CK.4948",0.683883274584501,-0.7545661812729,0.900379037292606,0.640281996796087,-0.00731232034487014,-0.14922289761216,0.533700961387664,0.262884901290389,0.266241705752994,0.444058063657355,0.463483940332761,-0.872741238069781,-0.259344207853615,-0.704076113486882,1.03341218561902
"TCGA.CM.6163",0.255001398687176,-0.221884728432558,-0.502210403255066,-0.376529453792021,0.353006782602498,-0.098915733908077,0.0838187985567125,-0.346501704032309,0.414361662336237,0.672955297138684,0.00896221872587281,-0.720232363763192,-0.494033966290071,0.00287951154596118,-0.433281462324456
"TCGA.D5.7000",0.287056096068421,-0.710164099986056,-0.123841271517598,-0.0349270670329228,-0.0189119226200829,-0.190335552297487,0.175079096212841,0.319349975710282,0.141947743484046,0.631918159436979,0.227097982189442,-0.561119942566369,0.483597680559272,-0.736930320824948,0.301689151717995
"TCGA.AZ.6601.1",0.652912674357678,-1.08932566945939,0.499827572268843,-0.201188566691337,0.307705200814142,-0.299530081257839,-0.467386380631223,0.146568954568038,-0.0562457444647008,0.661614754820123,0.0374012852816484,-0.677807867696861,1.05883700654945,-1.66417678214052,-0.365043771672561
"TCGA.G4.6323",-0.77569093850865,0.499378803718643,-0.428346194289793,-0.326673871249065,-0.301206463005346,1.16630627802001,-0.674060977491204,0.0963778998144455,-0.373224802261349,-0.435439913961845,0.0186095661192201,0.712959563308714,0.337700060771824,0.245241885044309,-0.351104639100147
"TCGA.NH.A50U",-0.329843116435067,0.315145908979683,0.485864489092544,0.938918310940137,-0.421305242650327,0.476300111921117,1.00246807212687,1.02223610856426,-0.475936617731312,-0.245565646543041,1.1516348818225,0.0129423609117935,-0.415111536957489,-0.182306274443863,1.50262381912975
"TCGA.D5.6924",0.951234503296552,-0.995077020651497,0.842926578896223,-0.210524176695148,0.36754009041173,-1.35600999235498,-1.53346650400195,-1.11958885882109,0.357684122926773,0.400118648226493,-1.00020124253645,-0.103428120715347,-1.15779398752403,0.0418948901346357,-1.13734063257246
"TCGA.D5.6529",1.04009384533573,-1.49919243811143,0.653002454371634,-0.277292956501935,0.403359807844556,-0.810356427923354,-1.02474584032006,-0.427143041051594,0.540354587082867,1.01855880348697,-0.40761116548008,-0.756060866453162,-0.374136499670264,-1.12351416944139,-0.702556946714261
"TCGA.AA.3522",-0.853709598142867,1.79107247292475,-2.92988606263713,-1.71023472916305,1.37484816723865,0.987057487949234,2.46994892237591,-0.398505663158774,1.0847334898212,0.981584559835738,-0.363223599506931,-1.37082605642228,0.689292358562668,1.27444851352426,-0.755430264756106
"TCGA.A6.5660",-0.0336715656612961,0.0883025718611093,0.68865427611929,0.704944014870213,-0.312521817624851,-0.131980168568579,0.331889821161283,0.330423552967441,-0.0722784761966231,-0.146937888523079,0.465490630779109,0.0423727934361023,-1.34383155119378,0.130845766307426,0.154832871052086
"TCGA.CA.6716",0.133617699506812,0.163588704743778,0.441081202457708,0.442448425480291,-0.318022347506724,-0.629297556449121,0.180160322513587,-0.356559321795079,0.239956483733239,-0.178721602774603,0.211639818137088,0.256602592403756,-1.91754108737636,1.3549091198561,0.593279504646198
"TCGA.DM.A288",-1.45579536799965,1.15821351248106,0.343570469141357,1.32298635843481,-1.51092083553074,0.751751356092108,-0.119446510661119,1.51456327584754,-1.81373061897815,-1.83362667775948,0.796411204214389,2.08212085514992,0.00476132614993954,0.087679413231207,1.02036719685693
"TCGA.A6.6138",0.808507959822239,-1.28986875136946,0.645986651276507,-0.0899301936665348,0.388636040867046,-0.727185278980677,-0.828741230217931,-0.524149609245338,0.427965902018208,0.664605737711885,-0.359535046011337,-0.671234331772762,-0.266011728866076,-1.29582066598486,-0.998039088296556
"TCGA.AA.3496.1",0.725496927161565,-0.982757285117567,0.56085560786806,-0.0357303917601352,0.337085702775934,-0.474320099751035,-0.66450137991073,-0.664168033421808,0.363101733002158,0.639674117140295,-0.0527428425736255,-0.641170633052488,-0.447328405249734,-0.574140384211896,-0.387605477311398
"TCGA.5M.AATE",-0.53690240801521,0.389168765769186,0.962611390987349,0.928490554530836,-1.00426249465481,-0.21463499565632,-0.939035755230892,0.104714370171391,-1.00984495949634,-1.32446314883983,-0.111197190926441,1.51690384365207,-1.06625464235687,0.7755704720003,0.093137578804484
"TCGA.5M.AAT4",-0.453340784311293,0.268721797509674,0.669809400787791,1.26113733290523,-1.07643623847646,0.353210200099997,-0.0747460355111286,0.915879619949919,-1.07471087080285,-1.02274327824309,0.8207709999849,0.917971608201973,-0.348473235801908,-0.0920721554727939,1.58100048283103
"TCGA.A6.5667.1",-0.67735668694943,1.56439125357538,-2.89580249562403,-1.80434307591015,1.37218075750821,0.513941983057021,1.2512040916713,-0.653901152364115,0.921917267329215,0.727140389549991,-1.07228109517727,-0.710887463068131,0.913310090578999,1.59312841059279,-0.671278110717282
"TCGA.AZ.4313",-0.846026603366022,0.511553586593495,0.641904549777071,1.11956486658466,-1.2610088124494,1.24058182279552,0.158000885043126,1.56473478433548,-1.32601072383713,-1.33939081743553,1.3018538803335,1.29146593270396,1.35667205570107,-1.31691030613018,1.35930310091557
"TCGA.CM.6164",0.375786861860975,-0.345995505518384,0.412166775450467,0.519132607284306,0.154967157450317,-0.270970862133666,0.33821853423314,-0.115989866475188,0.336230226000181,0.288220866399283,0.15400172083773,-0.51185791829232,-1.07280120743677,0.123287595665818,0.577494984246504
"TCGA.G4.6320",-1.25105309138732,1.00639118840798,0.188925660880696,0.534416535535115,-1.0165163742621,1.02198863617342,-0.294316639161103,0.967972561512295,-1.30194079595711,-1.40656131826631,0.619311474471961,1.55104054551853,1.03023682162362,0.171797249129977,0.92283121945766
"TCGA.CM.6675",-0.585683757525444,0.343266510740325,0.189695659067649,0.51114311591776,-1.05759848248519,0.626569321051017,0.556408381887871,1.18721007007604,-0.667796457376214,-0.399866849766199,1.05801414516928,0.669933945823346,0.999525841733741,-0.457463528554479,0.874823470437342
"TCGA.AA.3489",1.04764129961311,-0.304589866012707,-1.67063650153047,-2.16170492159557,2.02263683288432,-0.421081431806413,-0.228861801800056,-1.74736752653476,1.60288544727169,1.26027642044245,-1.80854285883174,-1.31582768391957,0.370095589419456,0.58771791306899,-2.13103443376209
"TCGA.DM.A1D7",-0.707782677559608,0.532804343454848,0.183873338433925,0.725157368452752,-0.483098247466428,0.938149121893649,1.13559882388814,0.92947895439237,-0.567805912462764,-0.534083321865959,1.12960080063131,0.122774845799707,0.0557283449029821,-0.409677388400687,1.35348585418434
"TCGA.RU.A8FL",-1.81511831873926,1.55237903525717,0.722043562879656,1.98296077868814,-2.03179654141021,1.50286491753234,0.219812019743001,1.58656050686164,-2.27159026031712,-2.46728186620566,1.70392447640106,2.25282784380933,0.0881122819306381,0.0431587224987059,1.77661087461195
"TCGA.CM.6166",-0.140946044816062,0.419153846773835,1.04048947434259,0.903341449822808,-0.882701024266575,-0.478302956992312,-0.689411243991235,-0.16299063653415,-0.520709614905291,-1.19366950157736,0.0841026037994106,1.14600411151828,-1.49910119559399,0.757696550861848,0.289708846183898
"TCGA.QG.A5YV",-0.899034065907365,0.666767241009948,0.208287285497181,1.08433368073032,-1.05354527160051,0.999817817963284,0.792865029771085,1.10574883262617,-0.83537531027633,-0.831641385586003,1.12200118284425,0.553658851292578,0.00757078782716933,-0.127290231189867,1.14293931573379
"TCGA.D5.6928",1.94057526891978,-2.31909306074549,0.168231058767513,-1.39911768470823,1.36321446697597,-1.05984426006323,-1.81494359594286,-1.4159879715571,0.986217257774433,1.93104730036908,-0.975685275589048,-1.668606205468,1.13216203828131,-1.82671302770143,-1.75335521622255
"TCGA.CM.5861",-0.418179546961433,0.0662154093475008,0.58532574016768,0.283854269893858,-1.05458314938612,0.313056352215568,-1.17335174305823,0.706446052721654,-0.934247621133567,-1.19631827588857,0.279887349314624,1.74935019244914,1.74000125362393,-0.441688435446255,0.0424179741732146
"TCGA.CM.6676",0.156994550667875,0.17346844168245,0.437686203568292,0.458560679824268,-0.0833629723720959,-0.496120215776529,0.237206340550263,-0.28809219121991,0.165569045831493,-0.122177450764719,0.163367476625377,-0.000598527141970961,-0.969089385107124,0.994782637078302,0.588410940091421
"TCGA.D5.6930",0.667422525388795,-1.00531381216113,0.366257480752267,-0.430925739787747,0.288877999111446,-0.379084256039586,-1.27772576456132,-0.27791562578135,0.114457123795611,0.262954736662772,-0.568655334603959,-0.200504894597565,1.19249434056443,-1.3897129242987,-0.322762351315535
"TCGA.CA.5797",0.023228614057915,0.0882264413049883,0.338569025773426,0.512068462487485,0.00497897536999295,-0.28368279895211,0.914492140837159,0.154369123395523,0.152470052307907,-0.0606702190008832,0.315792969273997,-0.485777358574512,-0.698485379898086,-0.11404725569694,0.253812453063641
"TCGA.D5.6530",-0.399798863887562,-0.261529268053752,0.159493261174529,-0.128131074556133,-0.379075313531262,0.66180083621177,-0.4522041946691,0.690328275207138,-0.702272658831756,-0.166210075482817,0.481747849873054,0.427414812257451,1.7460173648602,-1.25981406185639,0.0651686554313763
"TCGA.DM.A0X9",-0.604370406129449,0.427034956051075,0.356207910148551,0.812426285448176,-0.705878013303914,0.855080437178988,1.26243219453077,0.803654568627158,-0.487510322666176,-0.364161076292388,1.35416052456144,-0.0938361180443429,-0.186848639956016,-0.361936853408649,1.08351154703817
"TCGA.QG.A5Z1",0.128155567727335,0.296746773978115,-0.261014977492595,0.259768799906712,0.138936295243145,-0.478685871671921,0.92861819328893,0.0200713928784404,0.626278440336045,0.367706730548219,0.166047114832921,-0.517569525708682,-1.3934740332209,1.24339775231278,0.789949033244299
"TCGA.D5.6536",0.753325080778175,-0.938610665717456,1.0525820928747,0.202699824011513,-0.145017769742998,-0.747897610163312,-1.31101284358357,-0.540507697176351,0.22973213943682,-0.119257044208501,-0.413691535581319,0.278613197006286,-0.307378257816872,0.0845093682635868,0.209899343348365
"TCGA.G4.6299",1.05106339909714,-1.16631588169882,0.929081185531376,-0.00580775457163898,0.0932112135686705,-0.888636312565532,-1.20976669252746,-0.225556485565697,0.11545147652676,0.568162858047733,-0.108299497348479,-0.171349303372488,0.781539982483927,-1.07111722542889,-0.255182863240248
"TCGA.CK.5915",-1.43162508839907,1.38397132179961,0.12707325521519,1.26024396077029,-1.63083017539073,0.769170450786602,0.709694008085543,1.02955494758118,-1.21912221127675,-1.63342488496439,1.16802823291692,1.45002353210923,-0.273830624751305,0.633017141399576,1.1917054289429
"TCGA.AZ.6598.1",-0.299747964873493,-0.227149152865958,0.813256894101377,0.519438091116557,-0.87753577383906,0.201816548999995,-0.932968710631009,0.471428926932336,-1.00717967179749,-0.809469669346112,0.727360907804887,0.899045274217505,1.70299661647411,-1.26048908188159,-0.0521222964081397
"TCGA.CM.4744",-1.03683354975135,0.468283409121949,0.924460067933038,1.21974996405518,-0.951910734358471,1.5609640947381,1.02270180669763,1.99766438398804,-1.61902505494567,-1.05160302435527,1.40256908881612,0.665077519402926,1.18927985026097,-1.86687070854195,0.71742743469895
"TCGA.F4.6569",1.66912483592649,-1.52390172288804,0.799445268174034,-0.728351074209353,1.20735953891731,-1.93826231396391,-0.415486854404733,-1.19698465265455,1.40692324993853,1.52231277050699,-0.826180174911537,-1.5336442633587,-0.827743077343784,-0.230489902598382,-0.843188973115132
"TCGA.A6.2680",-0.465072646160723,2.08722180002378,-2.22804176089813,-2.13646566287236,2.05212603178964,-0.00582775993675867,4.10673391171799,-1.22738161445312,1.45077472278389,0.903915709828349,-1.30188637567408,-1.26633814728409,0.161198099194777,2.76693973942384,-1.20806235577088
"TCGA.D5.5538",0.663295379617336,-0.976334761701965,0.829991812153201,0.039756383553639,0.225064429353724,-0.474607280531744,-0.658670251806388,-0.198801968127595,0.34386995600982,0.553504786840733,-0.0918221304665529,-0.428356547105714,-0.30142607733811,-0.890509370500847,-0.913415113415668
"TCGA.AZ.6605.1",1.25305016200096,-1.29039383649736,0.154880251619485,-0.691386035556944,1.00496981165687,-1.13712139966502,-0.799351348896614,-1.01060452299385,1.08758815446704,1.22889280248059,-1.00700371745343,-1.11014889794218,-0.738531733352436,-0.342165794581303,-1.00975460350092
"TCGA.CM.6677",0.071589150175243,-0.347717471809174,0.656640134387773,0.435141196772508,-0.391786685402928,-0.529385898552308,-1.38073988394935,-0.0917051906692241,-0.672893195662773,-0.580091596117652,-0.263135159414305,0.708408855265649,-0.20400322057735,-0.641028112904083,-0.499234282581352
"TCGA.AA.3525",-0.78356643250517,0.870944958954244,-2.24568407507531,-1.65823600219578,1.0880320185265,1.16776511170524,0.50054938782586,-0.243833678658562,0.34956598395475,0.588346122282331,-0.721338397665812,-0.574719945922138,1.61700735451389,-0.32667938943283,-1.6820832736965
"TCGA.A6.5659.1",0.326130847935961,-0.060697944725366,0.623121451383401,0.54128669287065,-0.135380600705436,-0.52515485363067,0.143946991391524,-0.194325203144945,0.0664629603847314,-0.151021462486271,0.245181096376773,-0.109696715802452,-1.61385587660139,0.429645963948109,0.175137571556001
"TCGA.F4.6805",1.23537410309676,-1.18209597837773,0.0501246543204207,-0.742549394442926,0.713258750973512,-1.25880315958305,-1.05672621479616,-1.01283622368981,1.05502831577483,0.969169240105295,-1.18943973429306,-0.792020101583484,-0.157302633915015,-0.0179752337662843,-0.967370798136953
"TCGA.G4.6317.1",-1.65794323485004,1.72643362450977,0.964756786165971,1.7159675661431,-1.56455598794296,1.00222654907618,0.220521592912642,1.22932664274775,-2.00821716225136,-2.41075751328361,1.08057485567478,2.30520125954369,-0.841299090708536,0.534634867783322,1.38086972748371
"TCGA.F4.6704.1",0.626687449346283,0.39731025814297,-2.41990703213678,-1.80492973563183,1.67923196453069,-0.3534780216393,0.959087619649138,-1.34346549938352,1.72159567232447,1.27855058455485,-1.31880124283301,-1.58472462428874,0.211691627761011,1.74324292292254,-0.453598037078974
"TCGA.D5.6922",0.892945336695103,-0.485253094521224,-0.0186508372067123,-0.0846838899545313,0.46404437180313,-1.05612950006759,0.112309545783871,-0.746252208382563,0.868927526918056,0.701212311999717,-0.228177119497449,-1.01971281150839,-1.07963672195122,0.652760979183187,0.319446049741226
"TCGA.NH.A50V",0.653916814314075,-1.10262756396343,0.619893947698915,-0.0275946959821739,0.123746825755591,-0.316734219596117,-1.12978019901949,-0.307784700363126,0.184417265656678,0.569434059124322,0.0303883062511615,-0.0557032096865811,-0.576907649936845,-0.488277877581258,-0.123342806727356
"TCGA.G4.6321",-1.92422108507363,1.57196061408015,-2.13589840439157,-0.944225016465919,-0.112495934323556,1.68165557521963,0.766142651403335,1.28150187687601,-0.434724756826994,-0.559329725334116,-0.364262965698859,1.12445184855989,2.51398104532881,0.364921499541524,-0.487355314788305
"TCGA.CM.5348",1.31671041439111,-0.972976765321396,-0.292972368526986,-0.8804896649973,1.04573520693255,-1.47214520591871,-0.383167143459044,-1.13577971667521,1.58392772595245,1.3671900287562,-0.950105064358767,-1.24139083296552,-0.374568320478881,0.622420839641079,-0.670890807614656
"TCGA.AZ.4682",-0.780016598120028,0.774192278814686,0.286475313985109,0.651394395757052,-0.327406585859203,1.19788723895172,1.29779088563556,0.910059904104064,-0.533792350314495,-0.603847474195186,0.958444016324555,0.215626404924991,-0.447010271545641,0.027187901151707,0.862932349353573
"TCGA.CK.6751",-0.298840423685901,-0.0519262641006965,0.262339601751484,0.37165012387185,-0.482528370900149,-0.00398006174787102,-0.0853705173119697,0.685652184214748,-0.53676948830833,-0.412875984477336,0.36620543213952,0.348316729181107,0.682306185771289,-0.97443196935565,0.476909817084977
"TCGA.AA.3660",-1.13248560794868,1.87312590830937,-2.49047195933787,-1.60073901052235,1.1004770005676,1.03559947117473,0.987210076361399,-0.284545699085923,0.391086526188228,0.167749790777385,-0.890075618511191,-0.126258376368362,1.16146767202786,0.931829839754138,-1.49232054700044
"TCGA.AA.3660.1",-0.286072646530061,0.225604254441648,0.230857763863371,0.422861734265181,-0.356703501867109,0.416211148569054,0.230435394192098,0.361832426267155,-0.207946568581521,-0.267591692234545,0.353403271123581,0.121991548485743,0.00157534220619642,0.233421849587663,0.430001887567336
"TCGA.AZ.6600.1",-0.164765529782838,0.813882572346965,-2.22661406809799,-1.81894069236997,1.38082593804731,-0.0638242004063584,0.334953792863103,-1.02253109808277,1.08154386455924,0.709753210316697,-1.50325688109232,-0.595844406462702,0.512624666439546,1.35309186568899,-1.16827071996062
"TCGA.AA.3713.1",-0.16612683432458,-0.245850835727528,-0.935426511550854,-0.506034342613247,-0.0436320478406622,0.582085739231717,0.385441059269153,0.337071146327186,-0.0584731381311664,0.517230235021052,0.404764519286225,-0.521214389436732,1.93376851973483,-0.838975538718783,0.0134285353526717
"TCGA.A6.A5ZU",0.037545251297861,-0.19126169792305,1.06170444692825,-0.0756752606609451,-0.361379492718088,-1.73473934939036,-3.0890964184985,-0.873624160690627,-0.514090274431916,-0.870612674127918,-1.79414190461616,1.96030750027212,-1.28254983361197,0.813263043069166,-2.28976837401316
"TCGA.AY.6386",-0.85531150143752,0.189879049155794,-0.0178534267736315,0.586543207511647,-0.931143899714593,1.10068598996793,0.393990626981537,1.33054885761368,-0.704749343640154,-0.541695695653684,1.00151730659051,0.449847880460396,1.31348051224972,-1.0846430316037,0.740993209860878
"TCGA.CM.6162",1.84761078126513,-1.95475532377349,-0.174856185362238,-1.3053613064509,1.10256982713363,-1.48270412816581,-1.00181075826299,-1.46280928026902,1.71967703907209,1.914324175171,-1.2451126484047,-1.58119403717759,0.446796128459398,-0.439775471519045,-1.49314975428549
"TCGA.AZ.5407",-1.19610380322533,0.758262950856402,-0.0596690238309898,0.365360923971549,-0.756698204575871,1.43886377637142,0.023891728259917,1.10943658176823,-1.18238853306632,-0.990731128830393,0.65063880412804,1.10479310126284,1.30609514339307,-0.495850932821116,0.0632420090165011
"TCGA.NH.A8F7.1",-1.06336630021138,1.23655487526436,0.269488043845912,1.08117611850398,-1.07064841975709,0.419103432349628,0.605972652412177,0.326549365256261,-0.929518708858302,-1.21996577436332,0.658212400703441,1.22418913207569,-1.15383375550503,1.66682977248888,0.953570181615823
"TCGA.QG.A5Z2",-0.707292897318977,0.146379496119579,-0.601947792367892,-0.152384792090864,-0.55963155680292,1.54790226729964,0.476742384598514,0.805151810576329,-0.580191355246529,0.0485911856869985,1.15978696129417,-0.0404740802431957,1.60759802179243,-0.899454777738373,0.601670846133905
"TCGA.4N.A93T",-1.46438904631564,1.26026827179322,-0.0340389386348983,0.693728333805737,-0.656886614248529,1.24955079970478,0.080282759291865,1.08494106704079,-1.35409037965237,-1.37647497735654,0.584351218281501,1.5656546859271,-0.317009094258737,0.550336187156169,1.28278831843416
"TCGA.4T.AA8H",-1.92489867712909,1.62037879553803,-0.466005618414986,0.612757996467928,-1.46867492329574,1.34949165619723,-0.441442120913325,1.28926604132007,-1.69565071076295,-1.80353089864206,0.40893736107913,2.3825377127406,0.758049624799698,1.18867086617939,0.880942234094265
"TCGA.DM.A28F",-0.906630203235716,0.626160623133713,0.215101142592602,1.4421884041848,-1.08150320145194,1.00687869498815,0.901760932063503,1.47749634402993,-1.04953278504973,-0.915701366897178,1.40674136340735,0.571976237560236,-0.342981810507515,-0.602853581059445,1.4670010799027
"TCGA.AU.3779",0.355968822928859,-0.633108910973263,0.616589042870882,0.104062889915102,0.1657796340217,-0.306231953041835,-0.716612982711907,-0.237414006244832,-0.00564729507573606,0.279846164076335,-0.278356031736586,-0.0169256885260387,-0.878635190852482,-0.450494878470031,-0.520564055489974
"TCGA.DM.A1DB",-0.756524486542664,0.813345579750592,0.878874777666158,1.36973186685769,-0.902733574443936,0.973534739553763,1.29084464224286,0.764685959467729,-1.23271007765785,-1.07422458014126,1.8469828348433,0.374649464392661,-0.820859469150204,-0.233193022318877,1.32479439180818
"TCGA.A6.A56B",0.0963475965600322,-0.050628328787746,1.01543729153623,0.458163849598385,-0.963967849479613,-1.8285182742306,-3.16105790493857,-0.951595929319638,-1.10747157487184,-1.51020103271926,-1.36037310646239,2.35144737277236,-1.31972574203975,1.17693463615492,-0.764015352936614
"TCGA.AA.3516",-0.704961508442164,1.64948953609051,-3.18425402025594,-2.07408972013293,1.68271802430623,0.618056512491291,1.90683191428858,-0.510945015130276,1.29678724244598,0.866516393526995,-1.30814604374834,-0.931248233755107,1.09939303474501,1.39963787944773,-1.32906965370294
"TCGA.DM.A1D4",-1.60653317974165,1.22910780736533,0.143685376737768,1.23707968936082,-1.41313021526374,1.48785527334574,0.827807872152825,1.59748309450843,-1.62660871418912,-1.51984427843392,1.71113296441203,1.31879196738943,0.405619104673824,-0.324348603423401,1.28991237052494
"TCGA.DM.A0XF",-0.143151968183745,0.0611142125523335,0.978390267792969,0.97325427364297,-0.634505910145639,0.438367790454388,0.874899141562269,0.862074217213118,-0.503429603584974,-0.333178032082866,1.24083686464871,0.038327775994891,-0.29120940753641,-0.603517840666601,1.14773702993474
"TCGA.DM.A0XD",-0.2919501572426,-0.130347229617978,1.04363928967064,0.955440739429735,-0.911925323554803,0.214110424142735,-0.221345325686371,1.16321668232811,-1.04341942547877,-0.678282788995522,0.71004126134143,0.863819801038985,0.0221945284155634,-0.947189709730078,1.15309769725626
"TCGA.QL.A97D",-0.803530370811877,0.159335294827332,0.113835559559055,0.585511611101039,-0.732019239617965,0.802603901108364,-0.228431217149343,0.863723021124086,-1.13726235759042,-0.671623327029699,0.578343981339084,0.749564350782745,0.43658813585662,-0.851606249104643,0.192192120782736
"TCGA.A6.5656",-0.848548403184817,0.864915839888451,0.487044374674511,0.98882364053464,-0.743124616924031,0.198824885855579,-0.128606651348128,0.532222395960807,-0.95456607184748,-1.16790416624076,0.269859691908055,1.31759677402262,-1.00448234159359,0.993417395732257,0.486480452762405
